red,green,blue,label
20,139,240,Blue
174,83,72,Brown
144,249,131,Green
168,25,156,Pink
30,182,136,Green
199,150,175,Pink
199,93,154,Pink
231,243,25,Yellow
48,213,76,Green
38,3,64,Blue
82,181,56,Green
249,99,108,Pink
24,161,177,Blue
180,134,41,Brown
125,103,236,Blue
10,155,98,Green
228,85,7,Orange
249,15,198,Pink
172,13,155,Pink
215,195,149,Brown
250,146,229,Pink
159,253,91,Green
58,137,127,Green
201,191,242,Purple
253,208,44,Yellow
95,189,94,Green
119,183,248,Blue
71,45,228,Blue
161,229,147,Green
202,21,34,Red
29,5,190,Blue
1,86,186,Blue
213,160,139,Brown
172,15,121,Pink
127,240,90,Green
7,160,197,Blue
187,191,105,Green
37,233,32,Green
101,40,153,Purple
91,77,165,Purple
216,154,222,Pink
43,223,41,Green
13,23,218,Blue
40,227,174,Green
122,168,93,Green
82,157,53,Green
77,53,19,Brown
45,158,151,Green
154,3,50,Pink
138,214,179,Green
28,154,202,Blue
126,111,138,Purple
199,106,189,Pink
121,110,237,Blue
83,225,69,Green
22,68,79,Green
165,140,146,Grey
205,6,230,Pink
138,40,96,Pink
237,99,167,Pink
96,70,210,Blue
91,179,160,Green
27,65,68,Green
90,74,177,Blue
94,35,55,Brown
68,240,4,Green
108,205,107,Green
135,150,126,Green
45,193,250,Blue
222,208,15,Yellow
114,177,116,Green
150,170,0,Green
93,69,220,Blue
7,25,120,Blue
93,75,199,Blue
125,114,45,Green
48,180,118,Green
90,85,172,Blue
21,156,221,Blue
23,119,227,Blue
183,193,0,Yellow
78,66,228,Blue
221,141,165,Pink
50,131,120,Green
237,227,32,Yellow
25,124,117,Green
184,185,99,Green
60,11,184,Blue
128,203,17,Green
176,34,118,Pink
15,77,233,Blue
73,71,31,Grey
140,178,187,Blue
94,160,239,Blue
153,174,67,Green
44,17,61,Purple
22,73,181,Blue
241,147,43,Orange
231,15,60,Pink
24,63,229,Blue
32,114,134,Blue
73,203,197,Blue
201,64,139,Pink
100,34,146,Purple
104,124,76,Green
237,23,6,Red
84,24,253,Blue
207,221,69,Yellow
226,158,50,Orange
76,21,88,Purple
146,70,179,Purple
18,240,118,Green
146,253,227,Green
120,112,15,Green
40,181,201,Blue
122,234,187,Green
131,111,1,Green
96,123,96,Grey
47,131,241,Blue
153,96,246,Purple
187,109,167,Pink
194,191,49,Yellow
237,168,135,Orange
20,240,35,Green
159,254,27,Green
93,16,175,Purple
26,4,250,Blue
164,229,160,Green
162,24,143,Pink
147,127,137,Grey
213,85,199,Pink
187,52,84,Pink
252,229,113,Yellow
248,89,204,Pink
93,108,230,Blue
215,95,12,Orange
144,205,203,Green
179,19,115,Pink
213,64,139,Pink
214,79,12,Orange
44,183,126,Green
247,183,133,Orange
150,242,18,Green
212,171,201,Pink
110,12,97,Purple
72,198,20,Green
115,101,51,Brown
187,86,150,Pink
249,135,7,Orange
164,105,248,Purple
74,148,136,Green
113,196,74,Green
201,34,192,Pink
79,18,222,Blue
0,157,138,Green
107,128,105,Grey
140,20,70,Pink
132,218,15,Green
167,202,217,Blue
215,142,209,Pink
126,38,126,Pink
199,225,240,Blue
96,78,130,Purple
125,253,242,Blue
164,86,80,Brown
180,249,170,Green
85,233,90,Green
199,233,203,Green
90,154,76,Green
54,187,79,Green
125,43,30,Brown
35,34,66,Blue
243,33,165,Pink
1,119,93,Green
91,206,23,Green
54,240,229,Green
157,168,249,Blue
100,211,172,Green
49,194,108,Green
98,115,97,Grey
42,49,89,Blue
50,157,15,Green
56,132,76,Green
92,203,37,Green
96,153,95,Green
55,25,104,Purple
55,118,237,Blue
139,157,154,Grey
228,91,251,Pink
6,218,230,Blue
222,10,80,Pink
9,132,209,Blue
158,56,220,Purple
99,24,41,Brown
222,101,221,Pink
117,129,227,Blue
37,236,19,Green
228,183,138,Brown
9,228,206,Green
183,16,203,Pink
74,222,101,Green
176,253,108,Green
124,197,25,Green
169,231,234,Blue
195,248,212,Green
159,110,233,Purple
187,90,38,Brown
177,251,233,Green
209,185,127,Brown
148,152,109,Green
13,24,227,Blue
34,251,11,Green
136,128,148,Purple
128,76,189,Purple
250,11,126,Pink
148,175,65,Green
100,70,139,Purple
222,187,175,Brown
6,207,15,Green
32,2,42,Purple
140,133,31,Green
196,138,75,Brown
170,103,140,Pink
129,3,158,Pink
178,135,94,Brown
79,43,164,Blue
234,205,4,Yellow
207,112,105,Pink
67,6,95,Purple
216,187,235,Purple
20,230,66,Green
3,88,41,Green
219,124,89,Orange
110,137,90,Green
168,127,98,Brown
79,30,185,Blue
54,238,248,Blue
42,82,224,Blue
128,4,95,Pink
170,119,95,Brown
2,250,110,Green
88,75,176,Blue
120,181,117,Green
65,224,187,Green
229,22,242,Pink
191,121,110,Brown
115,10,109,Purple
92,107,247,Blue
155,180,197,Blue
69,44,84,Purple
84,201,197,Green
7,34,18,Green
72,191,249,Blue
51,53,126,Blue
109,96,41,Brown
35,65,88,Blue
17,173,96,Green
165,158,189,Pink
153,221,50,Green
122,40,228,Purple
210,36,105,Pink
190,223,111,Green
120,244,253,Blue
207,244,229,Green
14,118,139,Blue
153,154,24,Green
198,237,249,Blue
146,97,184,Purple
35,176,27,Green
68,45,203,Blue
1,247,169,Green
67,90,56,Green
96,198,3,Green
152,237,10,Green
181,171,2,Yellow
122,23,133,Purple
186,47,95,Pink
229,58,166,Pink
69,85,150,Blue
131,107,11,Brown
55,192,161,Green
71,125,226,Blue
67,28,196,Blue
117,181,80,Green
229,185,186,Pink
120,120,120,Grey
29,74,18,Green
70,213,238,Blue
162,1,129,Pink
30,40,67,Purple
164,116,242,Purple
115,233,181,Green
76,4,8,Brown
101,190,184,Green
135,190,83,Green
72,228,88,Green
59,183,152,Green
235,222,85,Yellow
20,131,231,Blue
35,142,53,Green
230,49,147,Pink
78,150,192,Blue
157,121,220,Pink
147,53,75,Brown
6,149,209,Blue
123,239,227,Green
205,85,150,Pink
122,39,144,Purple
199,19,240,Pink
145,215,190,Green
31,60,63,Green
179,244,226,Green
219,220,186,Green
34,197,28,Green
168,190,32,Green
2,71,158,Blue
238,80,21,Orange
191,140,49,Brown
199,31,155,Pink
15,143,148,Blue
32,97,29,Green
43,77,186,Blue
60,11,84,Purple
26,86,254,Blue
105,66,152,Purple
174,221,94,Green
40,177,88,Green
189,174,180,Grey
8,175,154,Green
74,220,219,Blue
121,178,183,Grey
107,71,222,Purple
169,213,160,Green
229,240,86,Yellow
249,137,157,Pink
201,157,44,Brown
119,144,38,Green
188,229,226,Green
76,187,67,Green
221,52,249,Pink
174,233,91,Green
248,55,15,Red
174,28,150,Pink
191,205,98,Green
113,206,41,Green
210,33,190,Pink
159,246,224,Green
195,110,19,Brown
73,17,171,Blue
252,241,233,White
202,123,172,Pink
79,90,5,Green
205,112,113,Pink
125,248,226,Green
167,147,124,Grey
13,58,246,Blue
184,109,139,Pink
19,96,217,Blue
77,211,119,Green
87,176,74,Green
181,128,28,Brown
145,183,215,Blue
148,232,0,Green
23,159,174,Blue
122,232,125,Green
98,116,99,Grey
115,125,178,Purple
177,157,0,Yellow
12,249,121,Green
168,172,202,Purple
221,211,11,Yellow
114,247,58,Green
162,215,94,Green
128,184,246,Blue
2,7,204,Blue
182,109,159,Pink
51,87,240,Blue
35,36,61,Purple
163,253,92,Green
30,57,136,Blue
53,42,252,Blue
71,17,91,Purple
71,74,223,Blue
104,18,188,Purple
114,187,18,Green
203,115,23,Brown
230,93,43,Orange
147,221,41,Green
60,226,61,Green
80,95,201,Blue
223,152,61,Orange
59,46,42,Grey
156,144,45,Green
63,205,153,Green
197,115,185,Pink
130,130,130,Grey
231,128,94,Orange
20,89,24,Green
65,125,123,Green
143,146,218,Purple
46,155,194,Blue
193,177,233,Purple
242,34,9,Red
220,120,90,Red
240,45,126,Pink
20,222,197,Green
87,129,132,Blue
128,196,105,Green
234,141,208,Pink
189,248,77,Green
247,53,94,Pink
204,205,247,Purple
201,233,157,Green
94,13,222,Blue
183,187,187,Grey
87,148,42,Green
176,231,77,Green
195,142,11,Brown
1,111,117,Blue
195,132,103,Brown
66,227,191,Green
88,35,56,Brown
123,99,207,Purple
243,149,98,Orange
202,201,24,Yellow
48,8,190,Blue
221,127,20,Orange
240,206,72,Yellow
62,81,3,Green
5,19,229,Blue
135,37,59,Pink
43,229,122,Green
133,40,27,Brown
55,53,138,Blue
159,122,90,Brown
243,215,47,Yellow
56,128,184,Blue
60,29,223,Blue
25,194,80,Green
246,72,245,Pink
237,69,233,Pink
218,82,77,Red
211,136,229,Pink
19,13,75,Blue
141,142,11,Green
207,105,252,Pink
143,77,224,Purple
231,12,234,Pink
165,114,41,Brown
68,244,12,Green
204,7,233,Pink
235,3,189,Pink
169,55,5,Brown
110,235,19,Green
169,156,179,Grey
5,247,157,Green
150,10,91,Purple
95,58,22,Brown
83,215,214,Blue
69,14,240,Blue
72,18,219,Blue
166,239,214,Green
199,224,241,Blue
220,57,28,Orange
180,130,236,Purple
82,169,128,Green
239,173,169,Red
206,99,62,Orange
125,125,125,Grey
219,143,181,Pink
141,173,250,Blue
17,91,221,Blue
62,59,252,Blue
114,160,218,Blue
167,124,102,Brown
204,48,145,Pink
80,144,186,Blue
148,207,98,Green
186,112,39,Brown
151,70,222,Purple
111,198,67,Green
165,240,20,Green
220,227,38,Yellow
142,170,123,Green
245,80,23,Red
120,26,5,Brown
13,191,8,Green
101,0,248,Blue
56,251,197,Green
72,153,14,Green
180,69,92,Pink
203,75,249,Pink
34,103,152,Blue
179,71,6,Brown
39,74,239,Blue
95,106,1,Green
251,215,93,Yellow
140,51,31,Brown
209,57,132,Pink
46,137,135,Blue
173,1,92,Pink
1,6,229,Blue
101,76,21,Brown
133,123,7,Green
86,163,60,Green
239,61,198,Pink
110,145,63,Green
149,234,80,Green
83,158,215,Blue
170,165,156,Grey
173,71,215,Pink
170,150,45,Green
49,132,99,Green
114,208,211,Blue
236,239,154,Yellow
78,92,46,Green
252,171,40,Orange
162,129,1,Green
246,118,99,Orange
148,85,60,Brown
16,76,160,Blue
12,5,42,Blue
51,249,131,Green
128,233,202,Green
61,203,194,Green
217,26,95,Pink
71,51,80,Purple
61,127,159,Blue
13,67,65,Green
37,254,62,Green
139,139,164,Purple
139,67,74,Brown
137,37,2,Brown
232,31,179,Pink
126,193,109,Green
101,43,107,Purple
247,165,79,Orange
130,52,98,Purple
152,42,27,Brown
245,58,75,Red
4,249,212,Blue
19,127,104,Green
248,118,171,Pink
201,129,93,Brown
64,80,27,Green
254,102,188,Pink
205,25,228,Pink
196,157,52,Yellow
148,101,239,Purple
244,254,169,Yellow
169,49,52,Red
37,53,135,Blue
131,97,60,Brown
213,179,7,Yellow
246,25,203,Pink
70,78,142,Blue
140,248,129,Green
197,30,165,Pink
120,123,233,Blue
229,249,59,Yellow
172,78,160,Pink
26,204,231,Blue
161,153,7,Green
170,132,118,Brown
105,124,214,Blue
50,73,171,Blue
110,96,204,Blue
39,63,13,Green
209,219,16,Yellow
89,14,191,Blue
74,181,179,Green
178,156,246,Purple
225,160,112,Orange
120,41,87,Purple
228,139,154,Red
68,205,249,Blue
220,47,140,Pink
235,167,133,Orange
43,59,201,Blue
163,185,121,Green
138,96,202,Purple
202,57,125,Pink
59,179,85,Green
187,237,228,Green
92,39,137,Purple
174,101,34,Brown
8,27,198,Blue
80,125,31,Green
175,247,139,Green
85,31,74,Purple
134,0,144,Pink
9,199,98,Green
253,21,122,Pink
90,3,81,Purple
66,61,30,Green
22,236,214,Blue
83,233,103,Green
219,71,92,Red
119,192,150,Green
67,118,160,Blue
28,115,202,Blue
156,209,66,Green
155,134,18,Green
69,1,24,Pink
228,189,184,Red
205,60,59,Red
5,91,179,Blue
23,183,94,Green
97,178,41,Green
204,155,147,Red
123,223,68,Green
85,52,94,Purple
137,65,152,Purple
142,27,154,Purple
126,153,140,Grey
39,180,217,Blue
239,215,170,Yellow
45,188,153,Green
144,160,44,Green
44,111,120,Blue
42,227,207,Green
82,224,19,Green
48,143,67,Green
12,43,46,Blue
81,234,68,Green
248,150,15,Orange
184,245,78,Green
104,53,47,Brown
153,73,201,Pink
82,135,138,Blue
249,28,30,Red
152,2,147,Pink
188,107,149,Pink
211,162,112,Brown
239,133,203,Pink
215,32,95,Red
252,73,191,Pink
208,217,128,Green
217,90,158,Pink
32,131,41,Green
131,102,145,Purple
93,7,16,Brown
85,159,25,Green
252,35,208,Pink
114,252,105,Green
125,210,134,Green
58,37,55,Purple
67,178,227,Blue
195,45,131,Pink
244,2,251,Pink
45,9,107,Blue
119,121,186,Blue
233,90,21,Orange
189,211,32,Yellow
112,37,250,Purple
74,243,92,Green
195,241,142,Green
183,221,58,Green
152,244,166,Green
43,142,144,Blue
59,181,248,Blue
159,248,157,Green
131,73,15,Brown
232,84,65,Red
227,50,54,Red
195,165,161,Brown
151,162,25,Green
133,28,193,Purple
82,245,84,Green
186,93,30,Brown
237,126,98,Red
180,144,4,Green
165,74,83,Red
50,151,31,Green
62,194,243,Blue
181,105,88,Brown
76,155,133,Green
174,224,32,Green
143,251,58,Green
194,121,12,Orange
68,11,230,Blue
106,39,10,Brown
28,48,96,Blue
75,225,168,Green
45,101,115,Blue
153,252,9,Green
96,217,73,Green
47,75,71,Grey
226,236,28,Yellow
103,233,82,Green
18,11,144,Blue
65,137,194,Blue
164,244,169,Green
125,216,249,Blue
215,18,80,Red
87,74,20,Green
215,108,60,Orange
14,4,243,Blue
207,97,23,Orange
118,152,7,Green
87,68,246,Blue
171,75,50,Brown
33,227,71,Green
108,158,192,Blue
75,144,176,Blue
169,90,236,Pink
58,106,91,Green
165,84,204,Purple
89,20,34,Brown
238,122,164,Pink
69,239,136,Green
67,128,31,Green
201,125,179,Green
226,66,183,Pink
210,68,185,Pink
31,16,208,Blue
105,105,152,Blue
171,225,249,Blue
217,80,219,Pink
89,18,17,Brown
122,11,42,Red
240,62,128,Red
183,98,222,Purple
181,248,15,Green
185,158,166,Grey
165,211,10,Green
174,126,123,Brown
245,20,169,Pink
206,185,218,Blue
144,20,36,Red
234,227,148,Yellow
237,45,66,Red
117,176,42,Green
105,229,23,Green
199,176,32,Yellow
144,241,249,Blue
15,252,165,Green
133,87,102,Purple
0,253,115,Green
134,5,106,Purple
150,166,140,Green
209,118,100,Orange
107,141,23,Green
214,224,154,Green
76,141,210,Blue
167,9,55,Red
1,140,175,Blue
203,166,10,Yellow
37,108,182,Blue
34,20,85,Blue
252,229,92,Yellow
136,11,8,Red
71,210,125,Green
122,221,132,Green
253,64,161,Pink
16,229,249,Blue
206,162,89,Brown
226,196,24,Yellow
228,53,148,Pink
45,11,64,Purple
79,184,63,Green
34,30,151,Blue
192,50,171,Pink
237,112,162,Pink
85,169,225,Blue
103,100,246,Blue
36,81,59,Green
67,224,59,Green
130,202,85,Green
61,82,18,Green
251,118,190,Pink
196,70,138,Pink
167,110,212,Purple
57,74,154,Blue
45,216,247,Blue
252,78,204,Pink
177,57,173,Purple
108,136,107,Green
8,143,41,Green
41,122,243,Blue
241,237,85,Yellow
88,219,57,Green
182,61,119,Pink
54,118,100,Green
67,10,188,Blue
87,99,201,Blue
214,145,138,Red
7,181,11,Green
2,193,184,Blue
208,189,64,Yellow
98,93,244,Blue
76,60,9,Brown
217,169,48,Yellow
171,240,191,Green
187,17,168,Pink
155,107,84,Brown
197,69,2,Orange
237,64,158,Pink
67,189,237,Blue
248,61,147,Pink
16,103,114,Blue
174,65,47,Red
244,92,246,Pink
94,108,178,Blue
198,249,4,Yellow
226,218,234,Grey
69,139,20,Green
19,85,197,Blue
249,204,191,Orange
197,200,56,Green
12,16,138,Blue
161,61,212,Purple
34,36,215,Blue
107,16,191,Purple
70,187,130,Green
40,209,172,Green
51,92,204,Blue
187,38,182,Pink
135,96,28,Brown
5,125,250,Blue
11,248,38,Green
33,253,214,Green
185,245,115,Green
118,253,28,Green
20,76,214,Blue
247,180,5,Orange
100,126,200,Blue
235,156,198,Pink
230,104,223,Pink
223,181,249,Purple
133,133,133,Grey
32,123,0,Green
17,2,149,Blue
45,129,16,Green
242,242,11,Yellow
33,57,20,Green
110,29,3,Brown
36,221,9,Green
65,250,78,Green
121,121,121,Grey
166,209,227,Blue
231,234,253,Purple
72,31,134,Purple
210,206,234,Purple
3,94,144,Blue
62,219,97,Green
16,161,94,Green
153,146,30,Green
245,116,195,Pink
144,232,125,Green
218,35,153,Pink
250,163,51,Orange
21,147,125,Green
58,254,99,Green
137,66,68,Brown
80,39,91,Purple
35,39,92,Purple
65,144,68,Green
100,179,14,Green
38,168,140,Green
156,212,105,Green
44,37,113,Blue
137,51,240,Purple
158,29,217,Pink
158,158,158,Grey
192,236,15,Yellow
30,61,254,Blue
88,218,50,Green
187,123,158,Pink
80,130,207,Blue
187,166,55,Yellow
38,186,172,Blue
167,203,62,Green
76,200,125,Green
44,8,44,Purple
234,159,174,Red
224,114,28,Orange
1,33,230,Blue
8,156,127,Green
144,37,186,Purple
166,229,142,Green
154,153,123,Grey
8,22,215,Blue
67,152,91,Green
43,112,181,Blue
228,84,214,Pink
74,239,117,Green
47,74,13,Green
244,184,77,Orange
164,8,50,Red
186,93,229,Pink
221,172,11,Orange
191,13,19,Red
139,231,168,Green
86,23,144,Purple
73,161,124,Green
61,79,35,Green
192,28,52,Red
185,115,138,Pink
94,104,250,Blue
72,218,182,Green
164,247,217,Green
184,71,242,Purple
241,85,185,Pink
222,200,80,Yellow
31,132,202,Blue
87,135,12,Green
44,245,201,Green
212,45,202,Pink
204,113,33,Orange
197,204,251,Blue
82,29,210,Blue
182,31,173,Pink
0,43,225,Blue
108,246,54,Green
210,130,229,Purple
80,57,134,Purple
76,32,221,Blue
63,109,22,Green
42,148,44,Green
90,223,66,Green
237,74,202,Pink
3,128,220,Blue
248,57,58,Red
65,143,15,Green
122,190,200,Blue
148,176,246,Blue
216,47,113,Red
24,20,171,Blue
137,122,143,Grey
29,98,51,Green
45,177,172,Blue
114,137,94,Green
63,67,164,Blue
250,80,163,Pink
34,243,1,Green
22,247,106,Green
19,249,238,Blue
235,224,4,Yellow
219,29,246,Pink
97,158,109,Green
66,27,207,Blue
38,108,14,Green
36,175,140,Green
166,78,49,Brown
18,74,210,Blue
178,202,107,Green
108,75,98,Purple
218,44,212,Pink
61,249,121,Green
119,43,184,Purple
168,254,29,Green
244,44,72,Red
52,166,55,Green
121,106,76,Grey
218,19,192,Pink
85,184,229,Blue
76,176,54,Green
103,173,158,Green
165,96,7,Brown
241,176,37,Orange
176,151,162,Purple
31,103,26,Green
42,120,152,Blue
102,175,198,Blue
14,196,29,Green
35,147,35,Green
39,67,15,Green
119,147,60,Green
143,48,181,Pink
12,186,241,Blue
21,80,243,Blue
102,90,20,Brown
242,211,50,Yellow
4,66,238,Blue
134,224,20,Green
183,58,214,Pink
92,64,152,Purple
68,43,252,Blue
75,44,233,Blue
95,8,47,Pink
179,108,104,Red
38,21,88,Blue
180,111,160,Purple
218,30,192,Pink
177,32,71,Red
243,210,219,Red
155,224,198,Green
39,254,78,Green
28,49,49,Green
179,61,239,Pink
38,83,88,Green
168,88,204,Purple
253,83,214,Pink
33,22,248,Blue
223,91,154,Pink
6,206,245,Blue
220,33,210,Pink
204,188,12,Yellow
67,153,30,Green
6,9,16,Black
206,137,120,Brown
202,43,125,Pink
50,150,212,Blue
3,77,95,Blue
161,195,240,Blue
192,29,190,Pink
245,50,98,Red
217,136,126,Brown
137,93,150,Purple
58,249,250,Blue
131,95,201,Purple
43,246,160,Green
15,205,124,Green
225,39,120,Pink
208,215,46,Yellow
29,68,152,Blue
53,123,80,Green
44,159,110,Green
98,217,127,Green
227,215,133,Yellow
182,38,81,Red
27,203,3,Green
199,108,23,Orange
201,215,178,Green
218,202,42,Yellow
158,30,56,Red
220,116,78,Orange
225,235,44,Yellow
80,200,246,Blue
18,152,65,Green
167,71,182,Pink
202,184,39,Yellow
245,238,156,Yellow
109,145,37,Green
15,88,121,Blue
128,181,250,Blue
117,184,169,Green
190,131,220,Pink
15,129,132,Green
30,214,132,Green
228,135,41,Orange
224,126,98,Brown
207,28,26,Red
21,36,134,Blue
23,51,164,Blue
34,88,52,Green
68,15,2,Brown
90,217,186,Green
212,57,132,Pink
154,136,42,Green
106,179,71,Green
95,133,30,Green
1,131,217,Blue
56,111,48,Green
232,88,66,Red
105,80,61,Brown
130,76,36,Brown
94,250,212,Green
252,167,138,Orange
253,96,190,Pink
136,212,254,Blue
174,188,1,Green
227,136,146,Red
107,237,217,Blue
26,121,111,Green
122,30,207,Purple
13,77,45,Green
38,222,179,Green
167,24,220,Purple
90,20,154,Purple
104,139,69,Green
10,139,33,Green
172,19,211,Purple
196,205,15,Yellow
16,223,143,Green
176,176,176,Grey
105,47,34,Brown
70,5,176,Blue
236,144,4,Orange
208,177,25,Yellow
48,131,77,Green
229,188,152,Brown
64,30,176,Blue
125,159,86,Green
161,236,83,Green
210,191,64,Yellow
33,17,183,Blue
245,34,34,Red
170,108,19,Brown
213,167,231,Purple
198,211,84,Green
204,188,6,Yellow
80,89,222,Blue
26,89,86,Green
98,61,192,Purple
82,101,107,Grey
102,171,118,Green
138,99,170,Purple
4,253,159,Green
251,158,192,Pink
162,150,163,Grey
83,139,227,Blue
163,250,150,Green
40,126,239,Blue
100,224,128,Green
236,172,254,Pink
242,75,245,Pink
41,5,1,Brown
30,71,134,Blue
127,0,54,Pink
207,237,242,Blue
89,105,19,Green
192,236,204,Green
54,252,37,Green
42,195,33,Green
41,191,51,Green
179,22,33,Red
247,234,78,Yellow
141,229,4,Green
253,237,145,Yellow
123,202,242,Blue
27,46,80,Blue
206,196,17,Yellow
130,2,12,Red
84,101,161,Blue
180,80,176,Pink
135,16,205,Purple
53,171,67,Green
21,51,171,Blue
158,77,120,Purple
138,159,19,Green
23,209,25,Green
134,46,175,Purple
54,218,38,Green
199,55,233,Pink
72,86,125,Blue
129,130,51,Green
29,99,25,Green
156,57,148,Purple
125,11,40,Red
188,183,193,Grey
234,126,74,Orange
77,79,224,Blue
167,174,15,Green
59,160,198,Blue
220,93,187,Pink
245,127,200,Pink
42,245,79,Green
82,179,93,Green
94,82,115,Purple
111,248,209,Green
211,201,78,Yellow
83,130,156,Blue
65,83,157,Blue
53,40,200,Blue
246,150,8,Orange
205,58,39,Red
5,253,113,Green
191,243,57,Green
248,58,166,Pink
108,136,121,Grey
168,131,253,Purple
226,81,197,Pink
29,193,91,Green
95,245,241,Blue
215,43,61,Red
194,40,242,Pink
229,88,84,Red
112,152,21,Green
83,12,19,Brown
240,24,223,Pink
103,4,68,Purple
52,122,20,Green
119,106,224,Blue
51,67,168,Blue
129,27,196,Purple
128,178,183,Blue
59,254,88,Green
123,225,170,Green
221,89,191,Pink
106,165,139,Green
13,22,159,Blue
81,217,107,Green
244,133,168,Pink
37,105,217,Blue
141,26,42,Red
117,182,49,Green
63,173,229,Blue
56,165,143,Green
78,31,131,Purple
209,85,178,Pink
16,148,24,Green
186,33,217,Pink
40,191,78,Green
49,109,11,Green
84,111,219,Blue
106,75,148,Purple
227,129,70,Orange
94,3,6,Brown
200,71,242,Pink
184,194,67,Yellow
143,140,75,Green
166,228,25,Green
44,61,6,Green
111,165,93,Green
135,166,203,Blue
213,2,18,Red
208,247,211,Green
62,242,180,Green
40,144,123,Green
189,117,214,Pink
100,156,22,Green
76,125,48,Green
59,121,70,Green
186,37,140,Pink
13,146,186,Blue
152,205,156,Green
188,98,92,Red
196,95,70,Brown
60,173,78,Green
71,26,84,Purple
75,117,231,Blue
215,34,35,Red
222,152,17,Orange
93,53,242,Blue
102,58,25,Brown
176,241,227,Green
102,150,118,Green
66,252,188,Green
107,243,179,Green
63,180,159,Green
98,244,221,Green
110,24,158,Purple
208,178,216,Purple
183,89,250,Purple
167,138,168,Purple
126,9,149,Purple
84,22,215,Blue
90,70,133,Blue
66,36,185,Blue
214,66,248,Pink
235,101,240,Pink
231,217,31,Yellow
51,237,110,Green
251,129,41,Orange
219,11,135,Pink
30,161,234,Blue
14,64,238,Blue
182,197,244,Blue
146,25,48,Red
31,30,49,Black
55,251,28,Green
76,2,5,Brown
123,228,219,Blue
17,31,114,Blue
144,170,121,Green
8,50,51,Green
159,6,60,Red
140,139,148,Grey
218,90,88,Red
180,224,160,Green
172,65,159,Purple
27,203,177,Green
17,3,91,Blue
77,203,124,Green
122,185,144,Green
76,64,174,Blue
223,87,18,Orange
15,10,95,Blue
219,31,82,Red
25,226,139,Green
62,49,223,Blue
88,97,143,Blue
20,189,65,Green
217,19,62,Red
102,112,74,Green
128,24,125,Purple
203,233,33,Yellow
159,105,170,Purple
73,201,7,Green
173,136,31,Brown
137,17,229,Purple
69,145,224,Blue
2,198,230,Blue
227,4,75,Red
210,235,238,Blue
42,41,200,Blue
109,12,118,Purple
69,209,120,Green
158,169,224,Purple
193,1,20,Red
190,120,46,Brown
80,95,97,Grey
199,49,29,Red
77,127,12,Green
188,184,254,Purple
130,216,82,Green
121,161,101,Green
26,130,77,Green
57,8,239,Blue
32,52,2,Green
74,71,228,Blue
235,205,50,Yellow
6,167,6,Green
71,142,64,Green
190,29,127,Pink
66,121,125,Grey
74,10,116,Purple
104,217,49,Green
169,138,135,Brown
80,238,67,Green
116,207,224,Blue
253,102,17,Orange
43,166,96,Green
221,59,133,Pink
200,170,83,Brown
240,138,84,Orange
65,58,137,Blue
29,41,88,Blue
248,90,188,Pink
250,115,231,Pink
60,251,9,Green
95,242,185,Green
224,89,16,Orange
8,185,105,Green
24,244,187,Green
209,233,131,Green
3,60,186,Blue
187,14,240,Purple
234,128,236,Pink
121,181,156,Green
117,154,14,Green
154,10,106,Purple
247,111,184,Pink
33,81,47,Green
166,182,179,Grey
221,87,124,Pink
217,244,200,Green
156,36,50,Red
163,91,168,Purple
188,215,23,Green
220,18,46,Red
8,176,206,Blue
40,223,78,Green
129,247,163,Green
57,16,141,Blue
167,231,108,Green
99,231,223,Blue
46,251,107,Green
3,116,140,Blue
243,211,217,Pink
151,141,236,Purple
212,230,239,Grey
117,21,167,Purple
128,99,211,Purple
241,119,193,Pink
155,198,58,Green
133,70,121,Purple
95,235,144,Green
187,207,177,Green
78,116,208,Blue
163,140,98,Brown
94,109,110,Grey
93,80,140,Purple
200,29,207,Pink
87,220,123,Green
180,25,63,Red
117,210,62,Green
219,61,235,Pink
241,79,85,Red
105,1,81,Purple
237,110,6,Orange
130,237,144,Green
79,108,8,Green
54,50,162,Blue
211,139,46,Orange
187,54,80,Red
88,111,178,Blue
3,66,180,Blue
170,67,41,Brown
13,35,156,Blue
247,81,19,Orange
84,180,219,Blue
246,17,174,Pink
153,53,156,Purple
81,182,231,Blue
100,76,187,Purple
194,65,149,Pink
33,12,209,Blue
61,125,220,Blue
34,147,211,Blue
119,253,248,Blue
183,4,229,Purple
215,15,140,Pink
38,49,122,Blue
222,231,210,Green
234,146,147,Red
222,220,42,Yellow
207,232,57,Green
52,231,127,Green
51,211,236,Blue
102,193,87,Green
144,189,254,Blue
19,41,208,Blue
151,19,38,Red
108,39,243,Purple
201,171,114,Brown
56,191,175,Green
153,58,144,Purple
166,141,115,Brown
66,39,240,Blue
67,101,157,Blue
142,37,77,Red
162,193,154,Green
210,3,107,Pink
239,8,242,Pink
246,205,76,Yellow
100,190,123,Green
11,22,145,Blue
253,180,238,Pink
42,190,109,Green
36,179,116,Green
86,218,147,Green
228,170,197,Pink
178,9,225,Purple
155,6,189,Purple
112,205,221,Blue
215,87,139,Pink
72,123,126,Green
243,80,108,Red
121,80,79,Brown
191,40,74,Red
182,58,25,Brown
98,131,210,Blue
41,0,88,Blue
165,14,9,Brown
123,193,156,Green
60,218,219,Blue
243,115,49,Orange
6,8,55,Blue
223,40,105,Pink
133,245,196,Green
124,31,233,Blue
57,8,53,Purple
45,2,254,Blue
243,158,138,Red
149,180,78,Green
2,254,155,Green
45,240,151,Green
239,50,159,Pink
161,178,93,Green
167,103,239,Purple
98,134,9,Green
180,222,218,Green
214,99,147,Pink
77,176,248,Blue
154,228,59,Green
38,15,233,Blue
30,26,51,Black
184,79,189,Purple
119,220,209,Blue
212,192,167,Brown
113,107,101,Grey
216,149,243,Pink
137,178,193,Blue
167,10,69,Red
5,157,8,Green
152,110,143,Purple
207,99,139,Pink
206,207,0,Yellow
17,161,220,Blue
68,145,62,Green
222,220,238,Purple
70,185,234,Blue
160,254,154,Green
12,59,27,Green
72,91,229,Blue
114,222,92,Green
5,57,182,Blue
242,82,168,Pink
8,240,14,Green
147,226,98,Green
159,232,93,Green
69,188,219,Blue
6,194,94,Green
31,30,2,Brown
22,183,209,Blue
134,3,207,Purple
165,172,113,Green
218,39,4,Red
83,105,152,Blue
225,158,201,Pink
87,65,177,Blue
23,157,87,Green
124,30,141,Purple
202,51,168,Pink
129,58,138,Purple
177,89,149,Purple
75,52,209,Blue
151,170,241,Blue
8,78,174,Blue
239,209,96,Yellow
190,210,31,Green
117,243,232,Blue
241,99,2,Orange
172,93,250,Purple
102,61,245,Blue
42,39,164,Blue
126,8,100,Purple
96,182,215,Blue
186,196,69,Green
165,124,92,Brown
220,85,243,Pink
96,117,57,Green
177,151,103,Brown
18,45,79,Blue
110,197,6,Green
95,7,49,Purple
150,78,233,Purple
244,183,196,Pink
40,75,127,Blue
107,181,119,Green
176,212,128,Green
63,233,249,Blue
84,5,56,Purple
28,67,150,Blue
88,75,153,Blue
203,34,242,Pink
241,93,50,Orange
249,98,20,Orange
155,86,194,Purple
180,93,87,Brown
238,76,91,Red
133,153,86,Green
221,85,249,Pink
98,140,132,Green
176,212,33,Green
185,109,215,Purple
10,154,144,Green
18,220,64,Green
22,113,11,Green
133,232,229,Blue
160,246,132,Green
180,24,96,Pink
23,140,93,Green
182,111,149,Purple
44,171,115,Green
185,72,59,Brown
11,79,74,Green
152,43,108,Purple
73,134,65,Green
49,76,196,Blue
171,172,112,Green
178,142,35,Green
186,42,67,Red
61,231,230,Blue
9,67,92,Blue
122,162,121,Green
50,113,190,Blue
227,250,240,Green
131,2,111,Purple
181,93,205,Purple
63,44,174,Blue
134,117,181,Purple
222,61,182,Pink
230,14,87,Red
26,228,20,Green
246,213,107,Yellow
95,106,85,Grey
209,90,118,Pink
18,192,50,Green
106,144,165,Grey
94,222,47,Green
185,246,188,Green
17,84,242,Blue
155,173,249,Blue
79,168,30,Green
213,130,156,Pink
78,145,217,Blue
117,146,66,Green
9,178,213,Blue
185,240,70,Green
130,87,124,Purple
23,59,229,Blue
23,172,152,Green
136,53,28,Brown
28,9,4,Brown
192,223,66,Yellow
211,164,166,Pink
56,48,124,Blue
81,129,72,Green
57,252,77,Green
137,167,7,Green
98,55,36,Brown
105,36,1,Brown
126,243,164,Green
248,18,253,Pink
137,171,143,Green
109,61,109,Purple
204,61,253,Pink
141,244,244,Blue
53,205,95,Green
247,141,126,Red
236,80,100,Red
54,58,176,Blue
55,119,99,Green
54,100,55,Green
72,231,238,Blue
88,36,88,Purple
245,98,242,Pink
118,246,121,Green
203,79,213,Purple
70,39,195,Blue
48,97,67,Green
223,63,186,Pink
240,249,177,Yellow
93,0,46,Brown
17,206,238,Blue
96,22,126,Purple
72,228,184,Green
112,158,244,Blue
127,23,32,Brown
201,235,7,Yellow
128,21,104,Purple
44,26,217,Blue
77,97,243,Blue
89,24,205,Blue
102,64,215,Blue
249,228,246,Pink
164,43,220,Purple
176,75,30,Brown
106,75,190,Purple
108,223,227,Blue
150,239,1,Green
207,89,231,Pink
19,149,239,Blue
7,100,30,Green
205,137,120,Brown
26,196,145,Green
164,237,236,Blue
153,82,100,Brown
138,65,5,Brown
185,26,81,Red
141,70,237,Purple
19,149,211,Blue
189,233,248,Blue
132,174,96,Green
213,146,11,Orange
130,213,253,Blue
3,132,102,Green
174,201,158,Green
43,66,57,Green
174,64,125,Pink
188,23,46,Red
238,22,88,Red
52,150,220,Blue
194,234,150,Green
26,227,37,Green
44,115,80,Green
198,135,22,Orange
40,186,238,Blue
226,70,112,Red
208,170,31,Yellow
80,157,208,Blue
48,144,253,Blue
120,166,44,Green
109,175,89,Green
23,89,223,Blue
116,129,31,Green
207,47,107,Pink
226,147,80,Orange
195,19,178,Pink
118,126,188,Blue
131,129,93,Brown
252,11,175,Pink
16,31,131,Blue
150,23,109,Purple
154,24,164,Purple
2,154,92,Green
136,201,108,Green
17,94,86,Green
170,196,226,Blue
242,246,185,Yellow
130,161,24,Green
122,188,73,Green
17,37,146,Blue
95,161,39,Green
108,230,167,Green
125,137,125,Grey
15,209,213,Blue
161,60,112,Purple
79,18,224,Blue
98,192,75,Green
114,18,105,Purple
95,133,123,Grey
143,153,202,Blue
217,124,186,Pink
251,117,28,Orange
65,20,242,Blue
224,213,178,Grey
23,83,91,Blue
81,244,184,Green
176,172,70,Green
187,198,139,Green
52,160,162,Green
245,147,171,Pink
46,139,71,Green
230,184,141,Brown
169,143,116,Brown
54,207,118,Green
117,98,42,Brown
232,25,149,Pink
121,254,2,Green
105,17,44,Brown
53,244,168,Green
106,110,120,Grey
65,5,219,Blue
125,221,128,Green
85,24,70,Purple
231,57,86,Red
158,150,168,Grey
174,138,55,Brown
222,10,45,Red
4,55,191,Blue
200,127,191,Pink
1,132,68,Green
244,91,121,Red
80,156,48,Green
192,217,57,Green
244,210,186,Orange
46,160,80,Green
165,252,169,Green
182,114,145,Purple
136,25,129,Purple
226,22,8,Red
52,161,14,Green
238,84,150,Pink
154,146,130,Grey
138,48,233,Purple
65,134,34,Green
5,223,36,Green
93,160,165,Blue
234,0,200,Pink
68,102,0,Green
87,237,62,Green
160,143,196,Purple
44,39,238,Blue
167,110,135,Purple
219,112,158,Pink
128,215,115,Green
141,137,26,Green
154,176,168,Grey
95,65,156,Purple
123,97,175,Purple
223,201,101,Yellow
29,233,228,Blue
65,183,210,Blue
136,37,81,Purple
107,92,64,Brown
69,127,104,Green
144,14,250,Purple
62,192,61,Green
148,213,72,Green
122,169,90,Green
151,33,123,Purple
243,144,64,Orange
70,216,102,Green
238,179,26,Yellow
90,136,164,Blue
169,10,58,Red
198,92,215,Pink
178,99,200,Purple
187,243,219,Green
171,162,91,Green
39,63,204,Blue
166,189,44,Green
165,57,234,Purple
228,207,210,Grey
156,108,188,Purple
52,236,137,Green
87,231,62,Green
122,118,182,Blue
151,2,130,Purple
225,41,84,Red
245,67,222,Pink
77,151,193,Blue
190,134,46,Brown
34,20,193,Blue
72,219,39,Green
52,74,139,Blue
27,223,203,Blue
73,154,10,Green
193,61,67,Red
162,82,191,Purple
200,76,181,Pink
198,137,245,Purple
23,143,86,Green
140,252,20,Green
171,202,92,Green
92,171,112,Green
83,77,94,Grey
106,211,78,Green
162,4,242,Purple
172,30,89,Red
147,175,192,Grey
87,227,44,Green
28,26,74,Blue
71,149,158,Blue
70,138,184,Blue
117,235,59,Green
103,207,164,Green
184,165,227,Purple
227,226,78,Yellow
149,170,177,Grey
50,210,213,Blue
55,159,167,Blue
46,139,146,Blue
203,25,69,Red
65,208,86,Green
139,20,229,Purple
45,220,33,Green
40,113,108,Green
170,228,159,Green
170,240,237,Blue
46,132,217,Blue
167,177,42,Yellow
224,187,214,Pink
20,192,158,Green
74,91,134,Blue
137,72,21,Brown
88,225,182,Green
66,247,87,Green
246,83,173,Pink
216,107,254,Pink
159,145,245,Blue
123,2,184,Purple
69,15,165,Blue
129,109,27,Brown
93,169,15,Green
162,59,15,Brown
216,253,135,Yellow
159,154,2,Green
170,122,66,Brown
198,157,234,Purple
216,37,1,Red
78,88,11,Green
243,141,232,Pink
176,207,27,Green
75,146,244,Blue
92,187,210,Blue
178,228,185,Green
181,240,51,Green
54,227,43,Green
150,76,43,Brown
60,54,141,Blue
248,241,201,Yellow
84,28,88,Purple
230,86,244,Pink
189,85,242,Purple
142,163,90,Green
23,225,144,Green
219,179,162,Brown
213,157,24,Orange
179,241,118,Green
49,56,139,Blue
74,43,216,Blue
102,237,215,Blue
105,4,50,Brown
89,90,176,Blue
54,24,98,Blue
38,224,56,Green
206,248,30,Green
158,185,19,Green
221,116,63,Orange
9,212,40,Green
184,49,202,Purple
223,189,189,Grey
74,219,178,Green
52,208,76,Green
157,244,71,Green
254,209,216,Pink
122,196,240,Blue
223,157,205,Purple
34,18,176,Blue
54,89,226,Blue
99,194,230,Blue
137,248,186,Green
66,49,81,Black
235,165,7,Orange
201,187,127,Grey
228,233,70,Yellow
6,159,242,Blue
81,25,86,Purple
112,239,33,Green
131,219,34,Green
120,57,31,Brown
29,135,239,Blue
213,247,132,Green
185,98,173,Pink
150,156,213,Blue
180,121,193,Purple
189,200,187,Grey
247,162,39,Orange
25,4,207,Blue
56,166,38,Green
29,209,59,Green
29,201,211,Blue
190,186,71,Green
119,138,128,Grey
202,168,121,Brown
86,248,52,Green
62,216,249,Blue
215,144,27,Orange
77,131,144,Blue
25,117,240,Blue
40,51,141,Blue
225,121,163,Pink
157,156,2,Green
129,81,217,Purple
154,188,253,Blue
16,152,89,Green
52,115,187,Blue
95,129,243,Blue
164,178,187,Grey
96,95,8,Green
83,135,5,Green
98,44,76,Purple
132,181,147,Green
158,213,187,Green
90,116,160,Blue
160,137,73,Brown
73,22,211,Blue
91,30,24,Brown
202,50,35,Red
23,8,102,Blue
220,16,51,Red
22,30,249,Blue
168,17,222,Purple
169,24,80,Red
57,209,38,Green
55,1,2,Brown
127,53,69,Brown
114,24,32,Brown
193,98,207,Pink
88,134,6,Green
110,141,238,Blue
85,172,165,Green
144,17,187,Purple
40,28,29,Black
197,16,198,Purple
239,250,204,Yellow
167,233,242,Blue
84,56,104,Purple
34,230,206,Blue
174,131,123,Brown
23,18,242,Blue
254,33,129,Pink
107,198,98,Green
147,118,80,Brown
170,124,243,Purple
252,151,172,Pink
127,186,117,Green
64,166,100,Green
202,211,236,Grey
134,208,197,Green
83,8,154,Blue
0,125,16,Green
223,121,182,Pink
166,124,190,Purple
154,212,210,Blue
122,81,226,Purple
139,230,40,Green
60,159,27,Green
219,145,131,Orange
37,152,149,Blue
98,118,236,Blue
235,69,117,Pink
150,55,36,Brown
39,244,173,Green
169,9,40,Red
253,144,27,Orange
106,138,215,Blue
110,199,202,Green
253,165,164,Red
20,224,99,Green
90,177,236,Blue
57,12,90,Purple
118,249,153,Green
42,221,57,Green
16,246,35,Green
60,73,91,Grey
205,17,180,Purple
213,169,56,Yellow
146,164,80,Green
86,76,42,Brown
193,6,200,Pink
149,151,166,Grey
127,86,106,Brown
109,48,57,Brown
20,147,13,Green
13,112,247,Blue
22,34,23,Black
37,172,226,Blue
47,234,34,Green
122,218,202,Green
96,142,6,Green
148,190,177,Grey
120,39,241,Purple
74,82,113,Grey
44,4,62,Purple
154,124,203,Purple
154,12,21,Red
209,88,154,Pink
96,187,119,Green
145,118,113,Brown
148,204,228,Blue
203,15,197,Pink
66,135,188,Blue
94,209,155,Green
83,59,210,Blue
6,122,174,Blue
20,144,63,Green
73,180,157,Green
194,31,173,Pink
214,109,185,Pink
232,240,212,White
39,237,201,Green
109,92,190,Purple
141,30,45,Brown
205,230,126,Yellow
229,32,182,Pink
111,214,53,Green
178,209,125,Green
44,94,70,Green
182,202,225,Grey
119,228,86,Green
184,9,175,Purple
126,178,198,Blue
60,36,32,Brown
159,228,24,Green
218,134,15,Orange
48,219,6,Green
72,83,162,Blue
118,233,194,Green
127,76,201,Purple
63,136,177,Blue
29,194,43,Green
248,51,68,Red
14,51,90,Blue
117,109,65,Grey
137,164,146,Grey
240,186,56,Orange
166,206,59,Green
158,220,103,Green
151,87,106,Brown
23,23,128,Blue
122,218,114,Green
1,64,10,Green
162,194,204,Grey
105,220,242,Blue
218,122,207,Pink
14,78,212,Blue
157,213,161,Green
38,179,21,Green
57,65,9,Green
33,197,76,Green
105,34,192,Purple
130,41,162,Purple
186,39,148,Pink
86,236,35,Green
229,242,104,Yellow
159,166,91,Green
2,172,150,Blue
121,182,116,Green
221,188,116,Yellow
42,78,112,Blue
109,209,240,Blue
163,54,21,Brown
86,34,199,Blue
142,192,212,Blue
252,198,150,Orange
144,132,153,Grey
77,46,12,Brown
58,246,173,Green
228,64,55,Red
60,231,18,Green
55,99,233,Blue
113,206,205,Blue
42,230,26,Green
8,82,79,Green
72,243,220,Green
150,139,191,Purple
146,99,178,Purple
187,214,141,Green
226,143,149,Red
103,100,201,Blue
141,130,97,Grey
252,159,168,Red
253,170,95,Orange
191,63,117,Pink
216,161,2,Yellow
208,203,203,Grey
16,229,246,Blue
89,242,159,Green
56,145,155,Blue
57,186,248,Blue
119,22,188,Purple
83,7,84,Purple
216,119,96,Orange
219,58,225,Pink
185,52,44,Red
109,117,4,Green
157,136,65,Brown
218,210,23,Yellow
162,97,217,Purple
38,113,8,Green
83,222,70,Green
94,22,89,Purple
179,46,13,Red
222,52,210,Pink
19,34,223,Blue
121,186,236,Blue
23,182,45,Green
244,188,53,Orange
252,188,44,Orange
140,53,72,Brown
213,122,167,Pink
42,61,155,Blue
28,86,47,Green
182,27,248,Purple
195,90,69,Brown
205,65,12,Red
38,72,135,Blue
93,18,167,Purple
190,112,232,Pink
254,188,252,Pink
76,68,217,Blue
229,44,4,Red
18,231,52,Green
42,163,45,Green
203,40,161,Purple
181,87,55,Brown
132,83,175,Purple
189,225,173,Green
137,236,222,Green
5,68,238,Blue
99,170,128,Green
15,230,195,Green
110,45,72,Brown
90,95,69,Grey
149,195,58,Green
151,176,5,Green
29,57,251,Blue
122,117,79,Grey
252,4,217,Pink
188,69,250,Purple
199,135,66,Brown
162,94,65,Brown
180,21,102,Pink
12,47,90,Blue
4,139,78,Green
37,166,203,Blue
103,13,198,Purple
63,232,126,Green
62,236,129,Green
124,39,124,Purple
97,227,186,Green
166,15,93,Pink
72,177,94,Green
221,205,218,Grey
9,188,91,Green
100,227,214,Blue
235,253,38,Yellow
105,248,132,Green
114,184,225,Blue
172,107,134,Brown
95,148,239,Blue
21,144,249,Blue
121,169,114,Green
135,133,53,Green
28,11,115,Blue
185,73,68,Red
150,195,187,Grey
121,185,174,Green
46,201,248,Blue
24,251,225,Green
128,35,112,Purple
227,90,219,Pink
118,173,193,Blue
84,62,22,Brown
109,79,206,Purple
174,238,141,Green
129,216,222,Blue
24,7,195,Blue
48,42,253,Blue
70,73,128,Blue
125,127,36,Green
112,243,206,Green
222,223,112,Yellow
235,153,98,Orange
162,201,155,Green
150,90,23,Brown
149,210,26,Green
113,103,185,Purple
233,117,145,Pink
112,175,202,Blue
102,20,217,Blue
128,56,137,Purple
30,135,48,Green
239,46,113,Red
202,82,138,Pink
244,222,11,Yellow
24,35,22,Black
67,175,229,Blue
105,133,162,Grey
189,77,99,Red
168,14,65,Red
175,60,139,Purple
249,198,137,Orange
145,113,99,Brown
110,40,249,Blue
132,110,19,Green
33,211,198,Green
56,68,178,Blue
128,204,139,Green
208,209,252,Blue
219,230,205,Grey
61,206,223,Blue
180,7,8,Red
86,169,221,Blue
55,49,5,Brown
21,67,97,Blue
229,46,176,Pink
9,37,58,Black
90,35,132,Purple
235,167,182,Pink
189,202,139,Green
173,214,184,Green
33,2,103,Blue
199,164,199,Purple
106,50,35,Brown
163,214,122,Green
174,105,148,Purple
138,159,49,Green
129,158,23,Green
228,148,207,Pink
245,146,240,Pink
186,16,14,Red
190,89,168,Pink
114,54,116,Purple
83,216,166,Green
61,76,227,Blue
178,215,98,Green
63,115,142,Blue
254,59,17,Orange
157,105,149,Purple
131,53,231,Purple
91,20,89,Purple
103,24,212,Blue
116,178,84,Green
59,176,51,Green
44,83,131,Blue
131,253,68,Green
179,187,112,Green
86,131,247,Blue
162,170,173,Grey
129,227,54,Green
22,241,180,Green
45,155,174,Blue
64,216,253,Blue
155,2,122,Purple
238,100,167,Pink
240,37,12,Red
135,238,191,Green
1,187,28,Green
70,85,167,Blue
150,5,48,Brown
221,212,162,Brown
152,212,202,Green
44,211,148,Green
51,193,130,Green
106,104,244,Blue
15,53,157,Blue
66,164,191,Blue
219,169,9,Orange
230,161,233,Pink
112,9,205,Purple
18,162,93,Green
88,163,50,Green
65,214,3,Green
190,132,64,Brown
8,172,166,Blue
101,172,244,Blue
180,109,143,Pink
212,245,31,Yellow
38,95,199,Blue
235,121,245,Pink
158,9,244,Purple
70,48,24,Brown
14,23,48,Black
224,27,67,Red
37,89,145,Blue
129,118,202,Blue
97,120,27,Green
9,75,174,Blue
153,147,49,Green
52,30,107,Blue
130,73,33,Brown
50,238,36,Green
209,165,118,Brown
39,234,218,Blue
89,148,57,Green
144,169,249,Blue
95,219,161,Green
53,80,149,Blue
239,221,110,Yellow
222,243,154,Green
241,51,99,Red
23,126,174,Blue
12,201,236,Blue
180,116,51,Brown
181,244,156,Green
133,83,14,Brown
17,39,123,Blue
34,235,161,Green
226,115,45,Orange
85,152,92,Green
234,253,64,Yellow
79,226,43,Green
118,218,123,Green
131,165,15,Green
164,131,253,Purple
24,38,64,Black
53,102,194,Blue
196,81,208,Pink
227,113,107,Orange
208,211,132,Yellow
123,197,181,Green
222,148,154,Red
91,241,209,Green
55,170,104,Green
102,173,243,Blue
19,170,4,Green
185,125,30,Brown
223,176,136,Brown
107,9,42,Brown
228,106,35,Orange
36,157,196,Blue
156,194,46,Green
145,1,253,Purple
125,157,28,Green
22,177,26,Green
119,207,155,Green
219,79,154,Pink
105,229,210,Green
238,102,226,Pink
164,65,76,Brown
185,236,128,Green
124,39,35,Brown
185,4,76,Red
119,51,145,Purple
253,8,81,Red
22,99,131,Blue
91,75,72,Brown
223,194,170,Brown
215,129,114,Brown
137,238,174,Green
218,29,37,Red
175,184,216,Blue
228,64,88,Red
68,224,69,Green
80,20,161,Blue
162,183,153,Green
156,13,118,Purple
252,136,167,Pink
167,32,199,Purple
13,138,223,Blue
108,161,225,Blue
118,181,67,Green
214,223,224,Grey
136,8,149,Purple
249,109,47,Orange
209,149,124,Brown
38,181,219,Blue
221,19,183,Purple
199,38,26,Red
123,248,212,Green
223,128,58,Orange
70,79,194,Blue
152,240,120,Green
154,25,126,Purple
51,247,229,Green
220,117,42,Orange
230,72,138,Pink
77,252,50,Green
137,172,254,Blue
173,175,78,Green
135,54,60,Brown
0,241,56,Green
15,29,75,Blue
237,140,216,Pink
234,43,221,Pink
38,139,44,Green
205,82,83,Red
45,198,40,Green
169,68,106,Pink
165,168,34,Green
99,151,127,Green
245,217,78,Yellow
201,155,143,Brown
58,179,202,Blue
98,55,218,Blue
20,110,160,Blue
42,8,85,Blue
2,184,50,Green
72,60,249,Blue
84,139,176,Blue
97,11,136,Purple
224,199,1,Yellow
143,132,11,Green
44,167,63,Green
20,182,198,Blue
35,195,133,Green
159,47,181,Purple
233,71,87,Red
218,115,114,Red
104,42,222,Blue
2,124,174,Blue
87,17,243,Blue
207,161,35,Yellow
78,100,100,Grey
8,61,67,Green
132,244,146,Green
57,110,8,Green
158,40,156,Purple
169,91,237,Pink
83,53,160,Blue
67,199,175,Green
157,128,232,Blue
124,45,129,Purple
199,37,242,Pink
230,171,202,Pink
23,53,187,Blue
209,144,163,Pink
246,219,235,Pink
75,1,77,Purple
194,78,113,Red
37,194,141,Green
109,10,46,Brown
75,50,187,Blue
80,202,195,Green
51,219,239,Blue
184,195,48,Yellow
142,48,104,Purple
57,106,55,Green
134,28,14,Brown
38,43,176,Blue
140,14,224,Purple
18,228,159,Green
177,201,7,Green
48,119,92,Green
35,166,151,Green
249,0,209,Pink
235,222,57,Yellow
184,40,247,Purple
215,43,231,Pink
224,63,167,Pink
102,252,124,Green
191,116,25,Brown
223,36,62,Red
208,115,205,Pink
161,157,63,Green
73,170,228,Blue
190,59,192,Purple
50,217,174,Green
127,234,154,Green
145,243,68,Green
90,211,38,Green
2,165,26,Green
116,72,123,Purple
164,13,82,Red
28,103,163,Blue
239,41,160,Pink
210,7,192,Pink
33,170,114,Green
235,247,22,Yellow
29,89,201,Blue
201,147,51,Brown
187,86,93,Brown
72,160,172,Blue
138,130,172,Blue
6,57,52,Green
207,236,163,Green
151,131,63,Green
161,4,13,Red
64,175,124,Green
103,121,17,Green
117,84,42,Brown
165,94,68,Brown
135,206,156,Green
236,63,69,Red
83,34,56,Brown
203,145,192,Pink
114,172,192,Blue
222,130,211,Pink
132,83,97,Brown
42,254,23,Green
102,223,225,Blue
50,49,39,Black
110,163,88,Green
143,78,9,Brown
5,5,13,Black
82,71,139,Blue
62,56,86,Blue
225,61,177,Pink
219,182,121,Brown
50,24,202,Blue
182,51,91,Red
188,90,124,Red
21,98,135,Blue
201,51,203,Pink
75,203,174,Green
195,108,18,Orange
30,72,125,Blue
89,180,187,Blue
37,173,143,Green
53,170,142,Green
10,110,118,Green
73,76,243,Blue
160,52,29,Brown
164,181,204,Blue
236,148,126,Orange
102,161,127,Green
207,140,138,Brown
252,123,207,Pink
97,173,254,Blue
54,126,29,Green
14,72,7,Green
70,111,148,Blue
149,97,127,Purple
149,224,105,Green
130,50,154,Purple
105,207,152,Green
141,214,206,Green
39,175,133,Green
172,223,137,Green
248,226,197,Orange
142,178,2,Green
238,187,161,Orange
130,149,154,Grey
233,126,104,Orange
149,109,5,Yellow
201,173,49,Yellow
35,121,220,Blue
104,96,110,Grey
120,117,167,Blue
4,240,179,Green
224,176,133,Brown
0,177,192,Blue
159,248,9,Green
219,183,137,Brown
97,169,198,Blue
197,75,132,Pink
249,27,188,Pink
101,176,86,Green
106,223,19,Green
54,240,180,Green
19,47,224,Blue
225,20,140,Pink
184,200,164,Grey
249,233,10,Yellow
135,202,104,Green
21,212,103,Green
251,195,148,Orange
34,85,216,Blue
50,213,13,Green
187,197,223,Blue
80,239,61,Green
5,180,204,Blue
148,25,167,Purple
233,26,179,Pink
143,152,131,Grey
109,207,249,Blue
100,48,226,Blue
232,105,219,Pink
142,22,201,Purple
206,178,16,Yellow
166,185,38,Green
150,95,211,Purple
88,177,62,Green
6,186,198,Blue
122,176,158,Grey
134,12,245,Purple
85,143,234,Blue
247,41,136,Pink
252,225,172,Yellow
150,122,190,Blue
54,112,87,Green
45,22,107,Blue
4,115,45,Green
239,195,73,Yellow
80,215,10,Green
158,9,106,Purple
29,9,210,Blue
135,202,57,Green
46,178,202,Blue
57,92,33,Green
240,120,152,Pink
131,161,56,Green
162,159,216,Blue
68,99,172,Blue
5,94,187,Blue
212,79,124,Pink
60,141,239,Blue
176,105,69,Brown
171,208,227,Blue
160,10,179,Purple
39,215,159,Green
12,183,170,Green
1,70,113,Blue
62,169,29,Green
211,239,47,Yellow
136,217,164,Green
219,181,60,Orange
63,203,139,Green
179,148,211,Purple
216,96,179,Pink
241,186,75,Orange
60,75,217,Blue
32,194,23,Green
105,40,24,Brown
156,85,64,Brown
39,40,33,Black
196,230,7,Yellow
53,6,204,Blue
201,13,169,Pink
56,21,170,Blue
163,245,72,Green
1,83,229,Blue
56,14,103,Purple
157,34,109,Pink
202,216,4,Yellow
129,115,166,Blue
189,6,121,Pink
39,247,180,Green
46,59,105,Blue
16,195,178,Green
204,30,107,Red
53,214,189,Green
152,74,178,Purple
78,16,43,Brown
18,149,80,Green
186,121,235,Purple
230,22,139,Pink
82,112,61,Green
197,192,164,Grey
9,150,93,Green
56,55,168,Blue
139,46,141,Purple
176,59,103,Pink
233,194,130,Yellow
178,98,130,Purple
215,173,31,Yellow
40,183,107,Green
126,26,74,Purple
35,208,254,Blue
151,212,63,Green
218,68,232,Pink
147,202,52,Green
248,88,89,Orange
42,25,115,Blue
5,77,250,Blue
199,74,118,Pink
181,38,88,Red
20,63,62,Green
77,60,60,Grey
107,250,65,Green
187,159,181,Blue
89,147,228,Blue
148,46,116,Purple
29,45,157,Blue
22,110,149,Blue
46,146,114,Green
77,88,135,Blue
164,63,206,Purple
69,42,138,Blue
204,86,66,Orange
97,181,132,Green
213,28,59,Red
208,206,14,Yellow
7,241,108,Green
47,28,154,Blue
66,170,223,Blue
15,54,124,Blue
89,48,254,Blue
7,221,204,Green
49,71,185,Blue
35,217,126,Green
65,48,191,Blue
157,48,38,Brown
180,41,65,Red
246,152,186,Pink
21,75,88,Green
146,101,171,Purple
33,66,222,Blue
220,245,111,Yellow
106,83,252,Blue
196,45,74,Red
92,62,187,Blue
87,160,186,Blue
7,180,143,Green
59,171,203,Blue
7,42,125,Blue
196,151,67,Yellow
69,100,132,Blue
170,15,181,Pink
197,6,75,Red
115,84,230,Blue
203,115,70,Orange
126,97,152,Blue
236,64,81,Red
56,222,251,Blue
185,217,247,Blue
99,68,115,Purple
4,192,10,Green
80,200,157,Green
4,161,179,Blue
120,112,58,Brown
104,153,93,Green
179,123,19,Orange
185,101,48,Orange
235,122,171,Pink
107,41,26,Brown
45,140,174,Blue
104,29,160,Purple
243,147,225,Pink
28,128,154,Blue
83,194,34,Green
221,235,185,Yellow
67,155,5,Green
209,144,76,Orange
218,227,151,Yellow
254,0,188,Pink
54,9,125,Blue
2,57,28,Green
226,87,50,Orange
26,47,191,Blue
252,61,95,Red
245,88,221,Pink
168,29,112,Pink
67,158,238,Blue
147,3,30,Red
28,85,179,Blue
9,199,223,Blue
159,197,6,Green
14,244,133,Green
112,134,29,Green
213,237,85,Yellow
180,166,6,Yellow
193,203,232,Blue
42,215,218,Blue
108,115,78,Grey
59,2,26,Brown
191,44,95,Pink
50,248,20,Green
123,179,42,Green
246,115,115,Red
91,197,240,Blue
184,181,152,Grey
139,54,240,Purple
234,143,213,Pink
244,54,238,Pink
227,240,195,Yellow
124,149,168,Blue
98,102,136,Blue
83,117,70,Green
148,246,49,Green
222,238,133,Yellow
22,102,11,Green
191,250,252,Blue
204,127,210,Pink
77,98,202,Blue
59,139,124,Green
142,69,94,Red
91,116,54,Green
44,156,25,Green
41,87,92,Blue
67,28,216,Blue
23,123,106,Green
93,188,64,Green
122,183,184,Blue
220,66,52,Red
46,47,138,Blue
4,222,240,Blue
197,98,236,Pink
54,48,151,Blue
140,53,75,Red
22,158,153,Blue
104,214,190,Green
208,234,81,Yellow
93,133,89,Green
213,152,13,Orange
145,80,182,Purple
169,245,240,Blue
145,242,172,Green
43,40,69,Blue
62,231,14,Green
189,145,236,Pink
155,145,86,Yellow
101,225,73,Green
84,52,12,Brown
10,208,185,Blue
103,57,229,Blue
81,238,221,Blue
65,156,4,Green
167,8,108,Pink
192,28,2,Red
190,76,104,Pink
59,75,146,Blue
18,141,173,Blue
154,244,93,Yellow
200,75,168,Pink
76,26,4,Brown
130,29,239,Purple
236,48,119,Pink
75,242,154,Green
187,42,49,Red
178,234,222,Blue
4,35,8,Green
156,178,241,Blue
121,41,213,Purple
85,54,212,Blue
30,13,225,Blue
111,2,142,Purple
80,244,186,Green
78,236,28,Green
156,84,194,Pink
151,2,221,Purple
78,33,45,Brown
252,17,137,Pink
220,54,126,Pink
245,10,83,Red
135,13,94,Pink
150,79,176,Purple
147,178,166,Green
202,53,78,Red
53,155,100,Green
35,175,221,Blue
76,222,159,Green
165,226,40,Yellow
217,122,209,Pink
19,249,140,Green
252,154,131,Orange
174,254,185,Green
153,71,178,Purple
231,214,95,Yellow
1,122,251,Blue
170,97,205,Purple
204,234,179,Yellow
66,184,240,Blue
91,6,244,Blue
99,65,0,Brown
190,13,216,Pink
123,119,223,Blue
36,154,98,Green
235,29,63,Red
67,23,182,Blue
110,78,144,Purple
223,202,60,Yellow
177,231,238,Blue
248,14,14,Red
216,223,207,White
72,212,189,Blue
77,130,76,Green
88,9,114,Purple
21,207,230,Blue
37,182,233,Blue
73,60,56,Brown
117,144,58,Green
248,182,91,Yellow
104,31,223,Blue
52,106,32,Green
224,39,161,Pink
137,190,253,Blue
9,51,55,Green
65,82,244,Blue
117,146,100,Green
224,45,55,Red
232,26,83,Red
106,165,7,Green
177,27,168,Pink
99,54,33,Brown
116,158,220,Blue
216,22,161,Pink
237,97,144,Pink
233,100,1,Orange
113,118,244,Blue
36,88,245,Blue
116,3,64,Pink
157,58,188,Purple
240,179,2,Yellow
29,251,140,Green
3,27,98,Blue
219,203,190,White
80,90,127,Blue
141,85,83,Brown
40,224,238,Blue
211,136,77,Orange
58,111,62,Green
188,99,140,Pink
51,215,124,Green
80,171,231,Blue
44,170,75,Green
65,196,72,Green
69,93,99,Grey
239,16,80,Red
3,225,114,Green
56,210,11,Green
189,176,243,Purple
151,114,213,Purple
62,163,10,Green
34,114,224,Blue
108,245,213,Green
14,75,93,Blue
161,34,26,Red
30,105,168,Blue
76,90,52,Green
83,195,20,Green
205,26,7,Red
178,44,151,Pink
44,4,172,Blue
159,254,130,Green
22,226,224,Blue
4,118,254,Blue
152,64,43,Brown
175,144,39,Yellow
42,178,2,Green
217,161,45,Yellow
210,113,173,Pink
5,177,198,Blue
140,180,78,Green
27,231,181,Green
99,170,168,Blue
155,35,120,Purple
62,49,158,Blue
139,239,232,Green
130,81,222,Purple
20,62,143,Blue
246,150,170,Pink
66,193,184,Blue
47,246,79,Green
173,253,11,Green
146,224,12,Green
200,49,85,Red
80,215,73,Green
118,241,35,Green
233,250,172,Yellow
175,64,32,Red
145,63,30,Brown
79,69,32,Brown
248,146,52,Orange
87,45,45,Brown
250,14,249,Pink
126,242,126,Green
217,39,164,Pink
18,113,223,Blue
140,15,192,Purple
39,42,202,Blue
143,40,113,Purple
247,129,192,Pink
80,81,146,Blue
35,9,61,Blue
244,36,76,Red
171,3,196,Purple
97,23,59,Brown
238,100,240,Pink
173,13,211,Purple
133,70,123,Purple
100,228,77,Green
78,104,112,Grey
200,118,18,Orange
202,141,221,Pink
93,192,120,Green
228,199,6,Yellow
182,207,62,Green
211,249,159,Yellow
83,125,247,Blue
169,36,216,Purple
229,221,219,White
133,235,21,Green
185,202,227,Grey
120,130,77,Green
201,75,195,Pink
143,124,42,Green
73,81,190,Blue
47,32,33,Brown
231,222,213,White
175,38,23,Red
50,97,223,Blue
164,66,244,Purple
192,11,81,Pink
83,113,164,Blue
229,202,245,Purple
242,245,142,Yellow
6,19,34,Black
157,100,157,Purple
108,165,85,Green
156,26,44,Red
188,150,40,Yellow
218,199,156,Yellow
85,160,232,Blue
219,92,1,Orange
87,28,37,Brown
156,15,93,Pink
66,45,254,Blue
140,34,27,Brown
100,126,40,Green
230,158,40,Yellow
216,175,36,Yellow
99,176,142,Green
27,47,36,Green
103,94,59,Brown
22,64,69,Blue
190,107,197,Pink
96,76,119,Purple
21,164,143,Green
49,199,202,Blue
5,60,55,Green
241,120,49,Orange
208,13,67,Red
158,111,141,Purple
179,187,24,Yellow
9,46,248,Blue
14,76,242,Blue
86,121,216,Blue
131,36,250,Purple
30,36,152,Blue
40,92,29,Green
240,9,102,Pink
142,115,141,Purple
137,2,76,Purple
248,225,0,Yellow
188,13,3,Red
193,247,131,Yellow
31,43,241,Blue
4,120,165,Blue
222,80,10,Orange
57,58,53,Grey
6,71,152,Blue
205,177,44,Yellow
132,61,161,Purple
92,56,162,Purple
235,197,125,Yellow
228,153,102,Orange
87,92,73,Grey
239,49,193,Pink
55,176,99,Green
218,36,240,Pink
140,199,15,Green
211,149,219,Pink
203,192,200,Grey
123,66,137,Purple
217,200,193,Grey
194,146,163,Pink
171,168,159,Grey
143,190,189,Blue
198,49,48,Red
252,63,74,Red
109,42,3,Brown
8,49,226,Blue
247,39,146,Pink
238,32,10,Orange
231,5,100,Pink
64,216,173,Green
48,97,158,Blue
89,196,234,Blue
177,230,249,Blue
14,66,129,Blue
97,121,180,Blue
7,19,248,Blue
150,76,113,Purple
53,202,55,Green
55,252,44,Green
229,1,236,Pink
12,205,199,Blue
151,142,10,Green
77,86,134,Blue
151,67,112,Pink
174,169,90,Yellow
163,0,161,Pink
150,103,133,Pink
234,223,24,Yellow
123,105,15,Green
193,15,49,Red
183,222,82,Yellow
114,2,158,Purple
126,165,196,Blue
157,108,129,Purple
144,254,232,Blue
199,204,125,Yellow
120,229,130,Green
42,118,173,Blue
92,204,186,Blue
153,88,85,Brown
128,75,238,Purple
146,159,58,Green
241,200,68,Yellow
83,163,168,Blue
246,164,29,Orange
54,66,71,Grey
163,126,79,Brown
130,110,103,Brown
239,157,148,Orange
13,44,56,Green
149,63,63,Brown
212,54,102,Pink
219,39,109,Pink
118,229,39,Green
137,107,234,Purple
45,244,93,Green
200,82,54,Brown
173,185,212,Blue
216,227,200,Green
48,100,198,Blue
226,111,234,Pink
118,48,141,Purple
134,74,197,Purple
167,172,37,Green
36,248,210,Blue
143,47,192,Purple
180,158,96,Green
67,6,161,Blue
69,155,230,Blue
93,152,83,Green
27,34,127,Blue
190,73,191,Pink
96,190,159,Green
245,22,240,Pink
84,195,121,Green
206,41,254,Pink
242,220,100,Yellow
13,242,26,Green
240,29,94,Red
71,216,141,Green
190,142,189,Purple
201,75,126,Pink
54,111,78,Green
235,194,123,Yellow
225,204,87,Yellow
200,58,55,Orange
78,11,87,Purple
246,253,105,Yellow
10,214,23,Green
175,231,120,Green
95,89,58,Brown
207,104,86,Orange
115,162,43,Green
194,234,19,Yellow
44,123,80,Green
8,153,205,Blue
206,160,164,Pink
80,190,29,Green
71,178,188,Blue
40,200,85,Green
182,195,185,Grey
160,41,40,Red
63,46,205,Blue
13,96,217,Blue
120,42,149,Purple
128,92,147,Purple
50,210,57,Green
215,75,128,Pink
126,150,13,Green
135,231,238,Blue
236,205,112,Yellow
191,25,47,Red
188,109,91,Orange
183,186,231,Blue
51,96,180,Blue
191,170,128,Grey
74,207,0,Green
76,5,201,Blue
159,49,20,Brown
248,202,162,Orange
101,59,171,Purple
167,34,126,Pink
157,101,222,Purple
194,223,228,Blue
253,126,181,Pink
86,122,24,Green
171,48,176,Purple
168,219,191,Green
128,229,242,Blue
122,39,129,Purple
103,22,23,Brown
60,99,243,Blue
195,131,62,Orange
51,26,9,Brown
3,27,123,Blue
135,241,91,Green
191,45,142,Pink
26,225,54,Green
247,161,226,Pink
71,7,183,Blue
150,64,159,Purple
129,87,6,Brown
219,212,122,Yellow
240,25,222,Pink
192,191,190,Grey
247,149,72,Orange
47,243,15,Green
50,1,200,Blue
232,142,214,Pink
29,83,225,Blue
69,244,74,Green
243,67,142,Pink
164,240,229,Blue
71,48,186,Blue
95,3,25,Brown
39,47,10,Green
3,164,157,Blue
249,34,86,Red
180,91,4,Orange
68,22,226,Blue
170,158,220,Purple
38,109,215,Blue
209,241,150,Yellow
72,160,6,Green
40,248,222,Blue
114,134,236,Purple
224,140,107,Orange
145,123,135,Grey
123,1,101,Purple
246,207,72,Yellow
37,33,120,Blue
164,238,30,Green
70,119,140,Blue
69,5,38,Brown
123,90,35,Brown
11,90,236,Blue
9,238,55,Green
87,30,28,Brown
201,49,205,Pink
75,81,82,Grey
38,225,115,Green
225,134,115,Orange
93,147,10,Green
165,27,225,Purple
51,159,151,Blue
108,17,10,Brown
209,10,95,Pink
192,158,105,Brown
170,15,149,Purple
37,226,185,Green
84,206,110,Green
214,209,202,Grey
224,218,28,Yellow
39,140,155,Blue
208,90,178,Pink
46,1,77,Purple
15,237,131,Green
26,168,20,Green
44,143,148,Blue
56,111,130,Blue
18,57,15,Green
126,130,102,Grey
149,30,192,Pink
178,127,182,Pink
242,170,248,Pink
181,214,98,Yellow
126,158,123,Green
13,89,66,Green
94,60,195,Purple
102,68,109,Purple
200,221,254,Blue
72,91,52,Green
125,37,104,Purple
204,206,32,Yellow
145,124,198,Purple
20,3,220,Blue
103,198,248,Blue
35,215,228,Blue
39,197,6,Green
104,114,28,Green
229,47,209,Pink
111,229,123,Green
75,192,254,Blue
18,88,104,Blue
53,161,0,Green
174,175,177,Grey
168,80,115,Pink
124,25,193,Purple
6,57,104,Blue
212,57,141,Pink
24,24,172,Blue
230,53,20,Orange
236,250,178,Yellow
136,214,22,Green
145,90,197,Purple
28,220,191,Blue
99,250,47,Green
152,71,241,Purple
211,211,217,Grey
158,89,159,Purple
236,115,189,Pink
189,143,1,Yellow
7,182,75,Green
241,104,22,Orange
190,200,235,Blue
141,107,213,Purple
121,6,115,Purple
42,64,246,Blue
13,53,40,Green
181,117,68,Orange
100,202,194,Blue
79,163,47,Green
154,158,231,Purple
137,188,33,Green
81,53,243,Blue
104,252,131,Green
254,234,129,Yellow
209,10,55,Red
173,142,241,Purple
224,171,142,Orange
122,161,194,Blue
145,51,101,Purple
202,243,113,Yellow
160,211,139,Green
0,181,141,Green
166,8,241,Purple
251,150,200,Pink
216,58,62,Red
114,70,143,Purple
191,55,192,Pink
247,251,184,Yellow
235,117,77,Orange
175,17,31,Red
39,222,203,Blue
241,94,239,Pink
133,11,240,Purple
61,99,83,Green
105,36,240,Blue
104,152,174,Blue
216,49,213,Pink
236,79,57,Orange
100,167,19,Green
13,223,166,Green
110,37,87,Purple
79,215,9,Green
134,134,207,Blue
1,194,177,Green
124,176,69,Green
246,5,168,Pink
50,176,84,Green
175,23,169,Purple
49,122,251,Blue
153,143,218,Purple
61,228,192,Blue
27,105,199,Blue
181,65,11,Brown
227,81,157,Pink
213,218,128,Yellow
135,52,42,Brown
12,150,194,Blue
57,211,130,Green
111,169,47,Green
198,184,134,Yellow
122,171,104,Green
152,188,94,Green
230,89,203,Pink
161,121,194,Purple
72,226,237,Blue
2,117,203,Blue
165,101,1,Orange
171,121,29,Brown
23,76,62,Green
166,165,235,Purple
178,251,22,Yellow
168,38,192,Purple
175,120,141,Pink
95,34,139,Purple
67,35,90,Purple
194,48,185,Pink
1,183,2,Green
139,121,71,Brown
113,223,189,Blue
127,120,147,Purple
170,236,65,Green
218,155,177,Pink
80,64,58,Brown
143,93,250,Purple
219,74,62,Red
98,178,171,Blue
13,100,165,Blue
2,196,140,Green
56,24,209,Blue
108,10,148,Purple
18,137,107,Green
216,142,68,Orange
152,91,91,Brown
55,1,183,Blue
105,231,248,Blue
79,93,14,Green
118,193,62,Green
74,229,229,Blue
233,143,66,Orange
183,159,183,Purple
137,237,189,Green
96,165,16,Green
9,158,80,Green
22,5,127,Blue
175,52,52,Red
181,54,84,Pink
246,199,182,Orange
151,123,171,Purple
33,118,240,Blue
57,2,202,Blue
213,173,206,Pink
101,18,211,Purple
5,254,190,Green
195,254,132,Yellow
61,182,0,Green
34,28,120,Blue
58,95,218,Blue
252,52,27,Orange
198,141,127,Brown
175,252,225,Blue
102,153,139,Green
27,233,141,Green
17,33,70,Blue
1,224,138,Green
36,11,146,Blue
206,189,95,Yellow
27,93,219,Blue
25,124,59,Green
204,215,214,White
93,138,131,Grey
133,213,57,Green
85,117,238,Blue
160,80,6,Brown
170,123,151,Pink
229,90,172,Pink
199,98,185,Pink
130,49,131,Purple
74,42,194,Blue
188,82,163,Pink
8,152,216,Blue
76,0,150,Purple
228,145,244,Pink
254,118,250,Pink
65,175,153,Green
182,83,141,Pink
18,89,92,Green
91,23,45,Brown
83,173,172,Blue
92,173,251,Blue
166,209,165,Green
180,239,191,Green
53,57,242,Blue
69,174,48,Green
138,108,26,Brown
231,94,42,Orange
75,29,127,Purple
218,154,249,Pink
130,22,117,Purple
54,224,170,Green
123,29,84,Purple
159,128,209,Purple
25,237,82,Green
217,105,159,Pink
253,132,131,Red
188,210,145,Yellow
12,71,69,Green
107,185,70,Green
83,136,137,Blue
7,134,50,Green
30,103,73,Green
220,35,205,Pink
72,45,236,Blue
179,106,16,Brown
7,242,237,Blue
89,87,247,Blue
142,99,153,Purple
67,82,66,Grey
217,185,164,Orange
166,199,120,Green
91,208,4,Green
163,123,110,Brown
21,68,145,Blue
48,176,176,Blue
218,2,47,Red
200,135,142,Pink
132,155,71,Green
176,229,54,Green
21,103,179,Blue
131,78,206,Purple
1,152,135,Green
55,213,44,Green
31,139,102,Green
202,76,69,Red
156,148,122,Grey
184,15,230,Purple
141,188,110,Green
204,193,194,Grey
0,213,232,Blue
114,214,130,Green
97,106,49,Green
203,172,208,Pink
224,60,140,Pink
162,153,248,Purple
242,244,32,Yellow
238,139,22,Orange
86,176,192,Blue
248,244,33,Yellow
211,112,18,Orange
174,254,158,Yellow
104,71,35,Brown
103,248,71,Green
140,2,61,Purple
56,83,47,Green
83,214,118,Green
13,116,173,Blue
228,147,54,Orange
120,221,57,Green
11,65,111,Blue
7,15,244,Blue
112,131,240,Purple
15,15,119,Blue
103,189,209,Blue
91,92,35,Green
226,188,77,Yellow
204,192,222,Pink
17,168,227,Blue
79,181,181,Blue
80,253,93,Green
231,54,9,Red
64,158,82,Green
121,113,48,Brown
133,70,133,Purple
195,20,0,Red
217,229,138,Yellow
232,219,171,Yellow
144,12,130,Purple
239,22,103,Pink
206,214,216,Grey
68,151,12,Green
157,152,155,Grey
165,183,252,Blue
207,90,243,Pink
95,80,194,Blue
212,234,22,Yellow
99,213,147,Green
95,165,139,Green
177,104,108,Brown
8,51,172,Blue
199,241,116,Yellow
38,22,55,Black
30,196,41,Green
74,249,18,Green
140,95,114,Brown
98,119,89,Grey
118,83,192,Purple
228,168,110,Orange
111,186,228,Blue
191,250,42,Yellow
57,4,55,Purple
38,150,199,Blue
154,229,208,Green
131,21,94,Purple
247,152,179,Pink
52,131,33,Green
139,164,76,Green
137,102,26,Brown
217,75,125,Pink
240,160,11,Orange
151,157,194,Blue
195,14,158,Pink
132,86,46,Brown
60,54,122,Blue
207,100,173,Pink
177,215,121,Green
177,200,52,Green
2,49,192,Blue
110,165,30,Green
23,211,115,Green
151,16,210,Purple
55,217,130,Green
63,174,155,Green
215,192,47,Yellow
2,241,114,Green
248,33,25,Red
120,9,182,Purple
155,171,32,Green
119,78,38,Brown
135,128,242,Blue
8,193,198,Green
81,142,109,Green
248,216,105,Yellow
53,182,176,Blue
214,209,144,Yellow
223,56,179,Pink
51,239,72,Green
27,136,228,Blue
243,11,246,Pink
55,106,78,Green
180,54,16,Brown
155,138,85,Brown
2,13,32,Black
240,111,32,Orange
192,66,206,Pink
111,135,121,Grey
145,135,232,Blue
110,150,174,Blue
33,147,182,Blue
229,179,93,Yellow
82,64,34,Brown
92,200,166,Green
130,85,99,Brown
230,131,64,Orange
180,98,113,Brown
143,190,77,Green
117,93,96,Grey
156,14,102,Purple
59,19,237,Blue
5,181,199,Blue
181,245,59,Green
89,22,221,Blue
234,204,197,White
226,13,93,Pink
167,125,144,Grey
97,238,45,Green
170,233,93,Green
112,137,241,Blue
139,4,0,Red
124,204,126,Green
21,164,114,Green
47,116,247,Blue
254,148,210,Pink
15,126,135,Green
155,121,151,Purple
229,177,123,Orange
179,229,184,Green
93,220,41,Green
135,193,151,Green
215,24,37,Red
90,66,160,Purple
148,12,136,Purple
126,78,185,Blue
24,128,112,Green
48,93,171,Blue
1,218,205,Blue
61,88,202,Blue
92,232,189,Green
147,92,179,Purple
194,29,167,Pink
31,197,3,Green
229,146,122,Orange
91,135,77,Green
84,81,171,Blue
86,57,95,Purple
202,85,12,Orange
213,11,147,Pink
83,142,41,Green
120,236,108,Green
223,51,246,Pink
71,207,115,Green
195,254,77,Yellow
165,212,199,Grey
206,97,234,Pink
153,200,223,Blue
21,194,31,Green
197,138,99,Brown
192,84,147,Pink
94,23,9,Brown
105,232,60,Green
208,86,171,Pink
254,98,51,Orange
114,136,206,Blue
200,240,87,Yellow
194,196,34,Green
99,105,215,Blue
195,218,50,Yellow
103,246,139,Green
81,219,130,Green
26,83,250,Blue
141,222,56,Green
164,215,202,Green
42,155,150,Blue
196,238,147,Yellow
123,49,70,Brown
111,9,61,Brown
194,84,20,Orange
212,170,225,Pink
154,91,237,Purple
90,172,186,Blue
21,175,31,Green
0,50,167,Blue
234,192,54,Yellow
170,145,169,Grey
92,81,143,Blue
217,220,17,Yellow
37,56,46,Grey
174,98,90,Brown
90,34,17,Brown
53,231,115,Green
155,99,202,Purple
203,8,10,Red
240,218,210,White
185,51,152,Purple
216,195,182,Grey
135,57,105,Purple
201,146,45,Yellow
121,199,13,Green
26,191,209,Blue
132,185,151,Green
222,182,132,Brown
106,232,228,Blue
141,69,124,Purple
158,112,54,Brown
184,252,21,Green
213,70,4,Orange
216,191,90,Yellow
215,221,113,Yellow
211,122,68,Brown
172,10,155,Purple
179,0,96,Pink
63,189,69,Green
222,203,245,Blue
72,179,240,Blue
189,215,116,Green
38,51,155,Blue
124,214,212,Blue
75,206,188,Green
56,89,241,Blue
9,233,142,Green
53,129,126,Green
64,136,152,Blue
40,48,207,Blue
15,231,6,Green
29,140,239,Blue
96,143,232,Blue
107,221,146,Green
10,98,1,Green
19,17,155,Blue
194,49,174,Pink
186,219,16,Yellow
241,162,38,Orange
224,106,48,Orange
183,100,114,Brown
9,47,30,Green
45,133,157,Blue
43,3,223,Blue
177,73,58,Brown
35,62,139,Blue
183,246,163,Green
56,69,154,Blue
243,62,88,Red
19,96,167,Blue
220,44,190,Pink
160,11,167,Purple
47,185,51,Green
11,96,157,Blue
226,221,14,Yellow
164,39,111,Purple
177,167,37,Green
207,97,244,Pink
233,168,43,Yellow
105,196,62,Green
35,197,172,Green
164,173,4,Green
16,188,157,Blue
62,165,196,Blue
250,72,91,Red
210,51,79,Red
146,133,218,Purple
230,142,212,Pink
136,240,44,Green
43,1,66,Black
168,82,53,Brown
231,7,44,Red
191,174,82,Yellow
83,59,123,Blue
11,78,40,Green
167,2,45,Red
106,113,251,Blue
147,74,30,Brown
147,33,30,Brown
199,217,41,Yellow
5,28,254,Blue
138,28,90,Purple
200,199,178,Grey
30,26,94,Blue
249,67,100,Pink
61,188,142,Green
156,1,84,Purple
164,35,234,Purple
204,201,167,Grey
132,184,49,Green
51,9,64,Purple
187,171,46,Yellow
5,248,149,Green
29,144,102,Green
148,237,158,Green
41,121,144,Blue
136,237,56,Green
163,49,46,Brown
62,233,160,Green
130,142,103,Grey
22,150,105,Green
99,112,202,Blue
141,82,13,Brown
222,14,221,Pink
120,23,99,Purple
36,230,196,Green
59,25,156,Blue
57,12,167,Blue
42,24,198,Blue
195,131,27,Orange
3,141,201,Blue
137,126,204,Purple
21,236,124,Green
60,27,225,Blue
2,64,12,Green
65,109,139,Blue
242,246,9,Yellow
35,161,122,Green
17,69,142,Blue
42,62,12,Green
228,137,201,Pink
172,17,40,Red
98,23,162,Purple
231,23,231,Pink
38,187,202,Blue
109,114,218,Purple
149,115,240,Purple
35,134,113,Green
201,0,224,Pink
246,187,184,Orange
70,76,131,Blue
214,38,126,Pink
8,127,246,Blue
130,250,64,Green
13,153,8,Green
114,14,94,Purple
245,46,192,Pink
199,119,15,Orange
191,42,172,Purple
118,78,102,Brown
173,170,217,Grey
29,137,213,Blue
1,14,86,Blue
81,206,208,Blue
44,148,129,Green
34,129,50,Green
70,48,97,Purple
211,251,116,Yellow
252,133,97,Orange
153,24,16,Red
249,111,215,Pink
106,158,65,Green
69,247,47,Green
233,98,22,Orange
55,34,79,Purple
97,191,175,Green
85,192,165,Green
195,27,233,Purple
96,188,23,Green
198,154,203,Pink
179,114,42,Brown
243,47,5,Orange
105,11,194,Purple
160,205,62,Green
137,87,210,Purple
233,50,164,Pink
49,105,199,Blue
140,9,59,Brown
222,73,135,Pink
63,224,164,Green
24,0,170,Blue
102,16,115,Purple
195,89,86,Orange
184,244,233,Green
26,123,4,Green
96,106,73,Green
33,82,235,Blue
84,71,199,Blue
201,202,38,Yellow
246,152,235,Pink
106,127,121,Grey
137,124,112,Grey
21,75,29,Green
85,228,34,Green
148,139,144,Grey
186,168,12,Yellow
75,250,60,Green
107,3,53,Purple
88,9,72,Purple
252,90,191,Pink
33,69,68,Green
190,201,202,Grey
119,253,18,Green
217,32,89,Pink
219,239,203,Yellow
59,199,206,Blue
65,118,189,Blue
34,122,76,Green
27,68,33,Green
227,105,138,Pink
227,160,193,Pink
192,221,113,Yellow
238,116,230,Pink
211,241,78,Yellow
185,159,178,Grey
191,6,142,Purple
213,173,64,Yellow
119,102,89,Grey
43,190,141,Green
115,218,134,Green
10,92,39,Green
205,113,208,Pink
166,161,231,Blue
167,61,226,Purple
177,114,197,Pink
131,80,241,Blue
145,172,47,Green
128,184,125,Green
96,118,176,Blue
241,249,183,Yellow
128,40,94,Brown
177,106,202,Pink
9,242,119,Green
141,69,119,Purple
43,204,106,Green
215,71,183,Pink
47,50,83,Blue
73,104,91,Grey
75,52,233,Blue
2,55,19,Green
121,227,174,Green
36,205,194,Blue
235,179,49,Orange
237,93,227,Pink
215,189,51,Yellow
238,239,211,Green
100,80,75,Brown
245,30,23,Red
219,133,252,Purple
141,163,220,Blue
193,128,75,Brown
201,162,91,Brown
114,132,190,Blue
249,254,73,Yellow
152,253,142,Green
25,93,217,Blue
212,226,152,Yellow
79,51,215,Blue
93,252,227,Green
115,41,160,Purple
36,133,24,Green
200,9,57,Red
101,19,78,Purple
175,8,206,Pink
236,176,34,Yellow
210,187,194,Grey
71,232,133,Green
104,142,74,Green
216,236,241,Blue
11,185,108,Green
175,34,27,Red
159,20,170,Purple
140,21,1,Brown
168,100,177,Purple
46,219,53,Green
34,118,119,Green
154,38,80,Brown
104,32,142,Purple
252,61,53,Orange
131,15,126,Purple
152,38,20,Brown
56,50,227,Blue
202,37,179,Pink
190,21,51,Red
0,103,183,Blue
211,104,76,Brown
199,210,240,Purple
179,94,8,Orange
144,0,13,Red
191,28,185,Pink
239,186,107,Yellow
173,189,35,Green
158,64,204,Purple
9,112,48,Green
136,134,159,Grey
7,13,50,Blue
44,245,106,Green
179,224,212,Grey
155,94,136,Purple
43,75,128,Blue
31,12,1,Brown
86,177,87,Green
182,166,200,Grey
243,27,143,Pink
112,96,37,Green
22,160,221,Blue
4,248,18,Green
244,189,57,Yellow
50,179,77,Green
137,155,46,Green
147,44,106,Purple
42,45,13,Green
21,197,178,Blue
1,165,239,Blue
227,82,89,Red
131,107,25,Brown
223,50,237,Pink
80,127,224,Blue
168,102,71,Brown
62,201,119,Green
138,168,47,Green
189,123,61,Brown
157,224,184,Green
170,111,92,Brown
53,252,17,Green
164,161,194,Grey
146,163,68,Green
200,161,67,Yellow
235,177,89,Orange
147,43,65,Brown
60,180,19,Green
106,179,90,Green
59,121,144,Blue
147,220,188,Green
254,82,196,Pink
96,122,10,Green
254,220,113,Yellow
229,252,197,Yellow
122,80,56,Brown
21,114,171,Blue
51,69,59,Grey
172,175,174,Grey
243,172,225,Pink
70,207,190,Green
13,7,61,Blue
251,139,240,Pink
190,4,223,Purple
214,218,6,Yellow
150,198,226,Blue
136,161,63,Green
231,185,78,Orange
28,31,200,Blue
78,150,130,Green
153,136,47,Green
240,64,219,Pink
201,217,211,Grey
81,76,235,Blue
165,232,92,Green
110,11,112,Purple
243,10,47,Red
92,43,198,Blue
215,182,164,Brown
224,241,150,Yellow
125,111,20,Green
139,179,133,Green
244,79,164,Pink
116,197,151,Green
26,39,223,Blue
144,131,31,Green
127,224,114,Green
232,248,219,Green
2,101,97,Green
187,121,178,Purple
72,58,152,Blue
211,215,121,Yellow
80,211,161,Green
141,179,99,Green
109,32,65,Brown
150,254,37,Green
151,86,157,Purple
171,139,249,Blue
162,202,84,Green
210,20,99,Pink
129,122,32,Green
52,253,13,Green
22,160,236,Blue
93,72,48,Brown
34,215,7,Green
159,201,242,Blue
75,5,67,Purple
122,48,210,Purple
21,30,183,Blue
161,219,189,Green
34,50,35,Green
108,7,24,Brown
109,101,215,Purple
171,109,233,Purple
14,85,65,Green
200,107,0,Orange
147,84,81,Brown
80,96,17,Green
95,196,230,Blue
75,95,153,Blue
163,52,150,Purple
61,154,136,Green
242,147,249,Pink
220,122,205,Pink
117,113,197,Blue
203,154,56,Yellow
236,168,122,Orange
73,79,221,Blue
244,59,141,Pink
145,177,226,Blue
135,135,37,Green
160,172,69,Green
151,67,146,Purple
122,53,66,Brown
143,132,191,Blue
138,6,46,Red
192,2,179,Pink
120,224,98,Green
135,239,84,Green
167,1,199,Purple
228,204,106,Yellow
83,22,14,Brown
122,127,216,Blue
14,147,113,Green
183,185,154,Grey
177,170,46,Green
161,8,153,Purple
102,194,111,Green
194,184,185,Grey
240,236,221,White
94,26,245,Blue
144,173,198,Grey
166,195,189,Grey
180,47,95,Pink
29,144,62,Green
179,57,91,Red
9,34,239,Blue
154,29,203,Purple
234,160,203,Pink
213,149,162,Brown
46,111,229,Blue
193,215,30,Green
154,156,161,Grey
203,96,138,Pink
212,154,116,Brown
182,48,180,Purple
143,127,181,Grey
213,47,124,Pink
155,240,97,Green
60,183,160,Green
222,141,177,Pink
186,196,56,Green
98,176,34,Green
208,172,97,Yellow
68,232,25,Green
161,53,44,Brown
125,100,242,Purple
223,130,186,Pink
238,192,38,Yellow
241,123,238,Pink
10,90,221,Blue
164,55,42,Brown
138,191,21,Green
33,56,210,Blue
192,101,47,Brown
222,205,78,Yellow
228,0,114,Pink
105,58,150,Purple
190,28,34,Red
214,180,85,Yellow
96,83,138,Purple
250,181,39,Yellow
50,56,70,Grey
158,40,123,Purple
227,195,73,Yellow
252,99,182,Pink
137,234,236,Blue
149,159,87,Green
58,237,203,Green
64,227,89,Green
230,135,10,Orange
239,83,119,Pink
122,148,200,Blue
189,148,192,Purple
99,199,119,Green
229,203,81,Yellow
87,68,232,Blue
68,2,98,Purple
245,1,43,Red
52,143,129,Blue
204,23,130,Pink
136,57,181,Purple
30,90,181,Blue
216,126,156,Pink
124,220,156,Green
146,224,210,Green
254,15,99,Red
46,70,95,Grey
162,49,30,Brown
230,20,233,Pink
54,230,237,Blue
99,176,171,Blue
233,166,102,Orange
155,161,234,Blue
190,127,218,Purple
150,11,123,Purple
145,30,71,Brown
52,199,166,Green
70,133,197,Blue
71,211,47,Green
19,30,211,Blue
29,58,236,Blue
49,164,89,Green
167,30,197,Purple
34,142,252,Blue
32,157,84,Green
54,152,89,Green
174,51,43,Red
177,177,233,Blue
170,192,228,Blue
163,66,26,Brown
242,18,125,Pink
216,113,47,Orange
118,79,17,Brown
215,212,26,Yellow
248,63,168,Pink
136,89,24,Brown
117,145,46,Green
220,202,234,Purple
21,30,203,Blue
243,2,187,Pink
7,7,99,Blue
139,143,198,Blue
104,201,141,Green
100,1,54,Brown
92,225,153,Green
44,192,240,Blue
167,88,12,Brown
254,249,124,Yellow
83,151,152,Green
63,112,237,Blue
219,190,123,Yellow
211,104,175,Pink
159,134,133,Grey
247,152,9,Orange
79,130,145,Blue
227,32,175,Pink
10,125,49,Green
53,247,132,Green
230,164,18,Orange
223,27,48,Red
191,122,100,Brown
188,61,179,Pink
217,139,82,Brown
170,132,116,Brown
142,103,171,Purple
15,29,231,Blue
236,59,124,Pink
2,83,31,Green
74,133,239,Blue
95,249,62,Green
95,12,112,Purple
21,220,1,Green
193,36,81,Red
96,103,12,Green
138,218,133,Green
100,149,90,Green
107,158,204,Blue
206,121,37,Orange
134,195,178,Green
150,50,174,Purple
49,92,190,Blue
83,213,252,Blue
232,30,144,Pink
18,167,3,Green
206,151,0,Yellow
75,39,61,Brown
29,53,150,Blue
151,177,55,Green
97,246,161,Green
158,130,202,Purple
36,140,209,Blue
140,4,196,Purple
119,28,172,Purple
144,233,199,Green
5,34,195,Blue
67,249,156,Green
14,38,38,Green
36,92,51,Green
178,99,244,Pink
16,42,244,Blue
31,174,178,Blue
77,5,96,Purple
29,93,106,Blue
44,30,139,Blue
230,187,182,Orange
199,48,166,Pink
81,53,41,Brown
91,124,186,Blue
158,130,17,Yellow
129,248,55,Green
58,11,129,Blue
77,11,250,Blue
135,103,102,Brown
234,106,0,Orange
11,213,23,Green
136,89,29,Brown
7,193,177,Green
233,65,222,Pink
167,131,108,Brown
196,224,207,Green
159,52,137,Pink
16,84,128,Blue
182,88,185,Pink
238,10,55,Red
85,15,59,Purple
14,253,147,Green
31,217,232,Blue
164,85,127,Pink
155,138,86,Green
32,65,34,Green
150,227,217,Blue
44,34,29,Brown
175,73,229,Pink
171,79,77,Red
26,126,244,Blue
184,127,20,Yellow
145,164,180,Grey
253,61,96,Red
214,57,42,Red
176,103,33,Brown
221,33,25,Orange
151,9,167,Purple
6,22,186,Blue
168,92,239,Purple
25,139,246,Blue
162,167,95,Green
76,63,101,Purple
232,99,22,Orange
84,67,45,Brown
250,105,207,Pink
88,187,202,Blue
169,85,215,Pink
5,216,250,Blue
134,19,222,Purple
176,125,137,Brown
37,162,137,Green
48,221,202,Green
74,37,13,Brown
171,120,74,Brown
163,90,112,Pink
195,222,141,Yellow
123,108,217,Blue
190,243,56,Yellow
220,74,148,Pink
37,4,101,Blue
198,56,172,Pink
240,12,23,Red
214,251,213,Yellow
163,223,172,Green
223,235,199,Yellow
191,137,89,Brown
27,10,35,Black
234,128,160,Pink
145,220,16,Green
109,239,187,Green
166,220,150,Green
78,56,156,Purple
95,19,118,Purple
215,201,88,Yellow
118,100,170,Purple
248,151,56,Orange
96,245,170,Green
21,190,180,Green
109,222,148,Green
24,133,223,Blue
249,3,215,Pink
77,248,181,Green
62,160,65,Green
153,215,188,Green
72,153,154,Blue
210,168,164,Orange
242,232,104,Yellow
88,122,47,Green
241,212,123,Yellow
86,69,72,Brown
244,154,178,Pink
110,52,233,Purple
51,55,168,Blue
85,156,205,Blue
25,25,54,Black
208,242,42,Yellow
220,12,199,Pink
43,75,13,Green
32,173,192,Blue
125,209,151,Green
230,230,80,Yellow
242,249,165,Yellow
89,91,88,Grey
39,213,77,Green
127,50,229,Purple
216,101,216,Pink
103,183,197,Blue
111,195,145,Green
248,225,249,White
163,161,206,Grey
124,208,35,Green
203,16,19,Red
136,7,139,Purple
234,153,203,Pink
7,238,32,Green
52,0,236,Blue
42,215,15,Green
28,202,174,Green
206,147,64,Orange
19,30,0,Green
125,10,184,Purple
211,175,38,Yellow
160,171,155,Grey
17,66,205,Blue
244,102,153,Pink
18,155,244,Blue
85,1,76,Purple
82,60,37,Brown
234,33,226,Pink
74,238,155,Green
248,233,153,Yellow
183,72,52,Brown
156,235,152,Green
19,79,239,Blue
213,215,206,Grey
198,253,109,Green
236,250,76,Yellow
47,213,132,Green
143,69,103,Purple
225,74,180,Pink
241,247,73,Yellow
145,118,235,Purple
158,135,55,Green
136,127,245,Blue
252,185,56,Yellow
150,20,140,Purple
2,247,218,Blue
49,133,12,Green
190,254,52,Yellow
2,28,133,Blue
68,251,95,Green
22,98,195,Blue
209,200,188,Grey
137,129,187,Purple
38,33,184,Blue
79,231,129,Green
50,110,134,Blue
33,52,38,Green
108,225,98,Green
156,184,6,Green
86,127,226,Blue
69,41,205,Blue
113,20,240,Purple
6,223,230,Blue
135,16,4,Red
254,70,151,Pink
190,39,201,Purple
214,120,144,Pink
140,96,31,Brown
20,33,228,Blue
165,142,47,Yellow
172,123,134,Brown
218,67,159,Pink
92,181,219,Blue
212,43,31,Red
203,2,127,Pink
106,151,32,Green
84,159,115,Green
7,237,195,Green
41,16,222,Blue
213,17,60,Red
42,183,196,Blue
34,120,128,Blue
89,162,157,Blue
57,251,218,Green
157,224,13,Green
220,218,215,Grey
211,104,175,Pink
159,152,91,Green
238,116,114,Orange
170,153,188,Blue
222,132,151,Pink
188,175,34,Green
227,111,214,Pink
190,101,70,Brown
199,67,146,Pink
64,57,165,Blue
151,220,254,Blue
182,94,107,Brown
140,70,14,Brown
114,170,96,Green
170,140,189,Purple
40,216,20,Green
132,225,214,Green
162,134,1,Yellow
30,241,174,Green
108,213,68,Green
83,129,244,Blue
37,153,204,Blue
244,114,8,Orange
102,75,19,Brown
61,213,44,Green
219,206,83,Yellow
184,56,27,Brown
22,117,105,Green
178,192,173,Grey
106,185,66,Green
204,56,84,Pink
115,166,17,Green
58,69,44,Grey
143,206,3,Green
216,26,67,Pink
135,67,99,Purple
174,224,78,Green
227,118,216,Pink
160,12,133,Purple
196,122,97,Brown
247,192,201,Orange
12,147,43,Green
56,39,16,Brown
217,211,77,Yellow
23,11,127,Blue
104,218,223,Blue
125,230,125,Green
249,82,108,Pink
18,110,81,Green
213,129,26,Orange
150,50,214,Purple
215,95,70,Orange
142,163,40,Green
128,214,109,Green
197,198,220,Grey
120,202,150,Green
105,254,165,Green
145,237,37,Green
99,12,104,Purple
12,189,62,Green
241,34,176,Pink
91,20,5,Brown
34,232,171,Green
210,90,233,Purple
50,49,111,Blue
42,209,147,Green
39,185,204,Green
236,222,32,Yellow
217,199,206,Grey
119,60,210,Purple
163,173,190,Grey
90,31,22,Brown
47,245,46,Green
184,192,179,Grey
87,82,238,Blue
252,178,240,Pink
196,107,72,Brown
3,254,160,Green
115,47,45,Brown
177,220,202,Grey
143,72,72,Brown
33,110,117,Blue
90,55,68,Brown
240,193,220,Pink
108,185,33,Green
129,25,200,Purple
180,13,86,Pink
38,197,107,Green
182,170,222,Blue
182,20,52,Red
78,176,96,Green
91,74,223,Blue
24,203,14,Green
147,244,72,Green
234,215,245,Purple
127,31,227,Purple
136,46,96,Brown
64,57,99,Grey
13,57,85,Blue
159,3,151,Pink
128,20,122,Purple
74,73,225,Blue
213,237,105,Yellow
92,47,144,Purple
16,199,4,Green
63,192,81,Green
200,237,218,Yellow
99,29,41,Brown
59,216,41,Green
210,9,219,Pink
84,226,121,Green
208,188,98,Yellow
248,146,206,Pink
52,233,235,Blue
23,235,195,Green
40,226,118,Green
110,157,7,Green
212,133,249,Pink
176,71,118,Pink
108,19,57,Brown
239,209,69,Yellow
96,102,117,Grey
55,210,178,Green
181,150,5,Yellow
254,128,19,Orange
55,43,85,Blue
31,250,221,Green
222,221,164,Yellow
159,104,239,Purple
58,233,197,Green
61,36,217,Blue
249,180,19,Yellow
141,142,245,Blue
113,202,252,Blue
149,107,144,Brown
213,60,206,Pink
231,250,149,Yellow
115,43,236,Purple
244,182,79,Yellow
216,87,175,Pink
245,7,95,Red
197,231,41,Green
140,200,51,Green
244,166,249,Pink
195,16,24,Red
23,69,193,Blue
228,54,239,Pink
40,137,95,Green
201,175,54,Yellow
118,214,162,Green
246,132,5,Orange
75,135,69,Green
178,126,167,Purple
236,197,217,Pink
205,3,142,Purple
254,234,15,Yellow
51,36,94,Blue
175,145,90,Brown
152,188,212,Blue
61,107,10,Green
175,48,99,Pink
1,128,159,Blue
4,128,169,Blue
123,202,48,Green
180,130,10,Yellow
50,179,187,Blue
150,16,150,Pink
240,20,84,Red
0,91,162,Blue
173,45,57,Red
139,6,137,Purple
234,215,243,Purple
38,220,184,Green
139,115,1,Green
126,151,191,Blue
240,4,92,Red
106,117,113,Grey
60,209,107,Green
219,225,241,Blue
210,23,241,Pink
156,201,205,Grey
182,238,229,Green
69,17,9,Brown
216,117,20,Orange
34,78,120,Blue
59,160,190,Blue
153,6,120,Purple
203,41,179,Pink
106,147,1,Green
111,57,127,Purple
126,84,114,Brown
99,55,99,Purple
38,213,48,Green
211,34,72,Red
50,152,108,Green
199,249,13,Yellow
46,239,53,Green
224,215,250,Purple
17,19,189,Blue
117,128,20,Green
85,213,182,Green
76,40,127,Purple
121,37,128,Purple
244,31,96,Red
25,125,233,Blue
234,15,99,Red
167,38,168,Purple
67,140,212,Blue
87,69,167,Blue
71,57,61,Grey
59,127,221,Blue
135,191,78,Green
27,75,20,Green
175,232,149,Green
59,185,119,Green
242,233,212,White
166,128,234,Purple
164,126,187,Purple
215,50,118,Pink
158,7,227,Purple
83,187,246,Blue
250,130,52,Orange
55,88,146,Blue
221,179,225,Pink
60,128,153,Blue
62,7,76,Purple
38,88,115,Blue
120,177,46,Green
115,196,153,Green
225,34,95,Red
191,230,12,Green
179,20,74,Red
73,9,199,Blue
200,221,207,Green
252,186,54,Yellow
183,116,103,Brown
94,254,16,Green
4,204,159,Green
233,129,240,Pink
160,186,137,Green
66,163,15,Green
158,195,193,Grey
98,18,208,Purple
62,89,52,Green
225,179,100,Yellow
30,134,127,Green
234,249,97,Yellow
112,155,81,Green
152,35,92,Purple
203,43,189,Purple
236,110,139,Red
171,23,104,Purple
54,164,244,Blue
101,63,191,Blue
174,171,19,Green
113,172,245,Blue
226,36,132,Pink
23,83,178,Blue
112,27,125,Purple
143,7,112,Purple
125,76,76,Brown
50,167,8,Green
28,7,85,Blue
252,121,16,Orange
46,93,67,Green
18,213,180,Green
18,172,37,Green
176,138,239,Blue
244,245,191,Yellow
167,240,167,Green
103,27,69,Brown
21,189,220,Blue
227,47,197,Pink
218,218,215,Grey
9,240,109,Green
7,237,126,Green
230,217,198,White
11,3,135,Blue
250,202,110,Yellow
121,223,240,Blue
72,81,37,Green
66,210,188,Green
253,244,25,Yellow
197,244,125,Yellow
123,11,192,Purple
182,225,252,Blue
227,203,237,Purple
131,206,32,Green
48,37,193,Blue
5,139,243,Blue
56,79,48,Green
25,149,111,Green
161,41,187,Purple
237,156,158,Orange
195,22,76,Red
78,130,74,Green
51,158,154,Blue
21,13,170,Blue
53,78,247,Blue
194,83,148,Pink
68,73,177,Blue
149,52,5,Brown
3,22,236,Blue
111,190,35,Green
77,116,86,Green
120,7,154,Purple
133,113,4,Green
123,104,57,Brown
22,10,1,Brown
20,117,11,Green
247,89,38,Orange
201,160,68,Yellow
14,128,98,Green
129,176,136,Green
176,3,196,Purple
229,247,111,Yellow
83,216,181,Green
33,151,95,Green
8,144,214,Blue
169,111,77,Brown
231,34,148,Pink
186,150,240,Blue
165,11,236,Purple
211,123,156,Pink
248,83,152,Pink
79,34,142,Blue
247,8,253,Pink
58,123,106,Green
86,242,251,Green
221,16,179,Purple
128,74,5,Brown
235,121,223,Pink
186,131,56,Brown
68,142,205,Blue
39,239,161,Green
231,109,159,Pink
253,46,148,Pink
184,236,33,Green
224,139,114,Brown
69,167,122,Green
32,2,80,Blue
82,201,194,Blue
116,241,99,Green
4,72,92,Blue
199,119,63,Brown
70,129,119,Green
163,182,75,Green
12,75,17,Green
126,197,79,Green
141,160,57,Green
68,69,53,Grey
126,89,180,Purple
157,243,132,Yellow
81,172,102,Green
147,32,214,Purple
171,44,60,Red
89,153,54,Green
25,75,185,Blue
113,18,24,Brown
37,216,108,Green
250,125,73,Orange
94,211,236,Blue
143,210,124,Green
119,90,122,Purple
142,193,182,Grey
202,57,39,Orange
58,10,147,Blue
107,108,65,Green
60,147,119,Green
244,188,136,Orange
87,141,17,Green
193,57,102,Pink
82,154,156,Blue
194,35,46,Red
45,193,238,Blue
77,236,121,Green
86,106,196,Blue
130,106,62,Brown
186,65,95,Pink
119,182,183,Blue
196,73,221,Purple
115,59,95,Purple
25,246,58,Green
100,178,110,Green
170,221,166,Green
148,139,103,Brown
51,133,117,Green
116,63,143,Purple
24,83,44,Green
6,49,54,Blue
135,239,99,Yellow
150,64,6,Brown
63,17,11,Brown
159,137,185,Blue
61,19,155,Blue
12,15,218,Blue
186,120,20,Orange
21,84,50,Green
2,25,162,Blue
65,193,151,Green
216,41,119,Pink
3,3,41,Blue
249,74,153,Pink
224,117,3,Orange
78,5,106,Purple
69,217,184,Green
49,63,155,Blue
105,21,134,Purple
149,92,227,Purple
5,21,21,Green
185,2,202,Purple
65,121,230,Blue
174,164,123,Brown
200,89,0,Orange
63,249,132,Green
62,101,139,Blue
134,98,105,Brown
202,45,239,Pink
44,215,109,Green
191,234,200,Green
114,49,108,Purple
54,149,242,Blue
51,23,72,Purple
29,20,137,Blue
189,176,130,Yellow
252,147,11,Orange
39,72,174,Blue
156,66,173,Purple
34,12,205,Blue
151,240,183,Green
19,96,163,Blue
150,35,185,Purple
226,197,14,Yellow
237,201,165,Orange
235,248,168,Yellow
6,177,133,Green
162,185,36,Green
171,151,118,Brown
80,140,185,Blue
95,83,27,Brown
84,6,176,Purple
128,8,142,Purple
132,84,34,Brown
40,77,77,Green
19,226,128,Green
71,194,87,Green
241,196,141,Orange
38,43,109,Blue
22,241,94,Green
69,109,9,Green
90,141,29,Green
82,72,121,Blue
11,22,238,Blue
122,10,17,Red
198,119,45,Orange
71,223,63,Green
225,32,129,Pink
18,102,13,Green
138,116,207,Purple
123,13,92,Purple
53,214,103,Green
79,233,174,Green
197,92,168,Pink
108,232,253,Blue
72,138,122,Green
152,215,192,Green
220,166,243,Pink
182,240,160,Green
36,228,221,Blue
39,181,102,Green
29,119,185,Blue
41,2,115,Blue
171,91,190,Pink
138,63,14,Brown
189,166,204,Pink
227,11,196,Pink
189,169,110,Brown
92,91,189,Blue
57,202,118,Green
253,128,151,Pink
212,243,175,Yellow
241,234,154,Yellow
6,76,215,Blue
27,202,172,Green
99,82,102,Grey
122,228,6,Green
68,175,129,Green
2,93,227,Blue
231,18,86,Red
103,246,245,Blue
98,55,92,Purple
28,30,57,Black
169,47,254,Pink
32,245,30,Green
214,199,236,Grey
188,0,132,Pink
175,103,4,Orange
24,14,184,Blue
31,76,39,Green
213,50,198,Pink
119,98,134,Grey
23,139,48,Green
13,179,75,Green
55,248,149,Green
3,151,234,Blue
230,94,86,Orange
171,240,23,Green
43,238,160,Green
11,200,35,Green
101,130,192,Blue
128,117,219,Blue
221,153,34,Orange
143,153,241,Blue
135,171,237,Blue
133,73,38,Brown
15,117,39,Green
107,78,245,Blue
110,176,82,Green
97,192,125,Green
242,63,233,Pink
240,240,240,White
241,241,241,White
242,242,242,White
243,243,243,White
244,244,244,White
245,245,245,White
246,246,246,White
247,247,247,White
248,248,248,White
249,249,249,White
250,250,250,White
251,251,251,White
252,252,252,White
253,253,253,White
254,254,254,White
255,255,255,White
0,0,0,Black
1,1,1,Black
2,2,2,Black
3,3,3,Black
4,4,4,Black
5,5,5,Black
6,6,6,Black
7,7,7,Black
8,8,8,Black
9,9,9,Black
10,10,10,Black
11,11,11,Black
12,12,12,Black
13,13,13,Black
14,14,14,Black
15,15,15,Black
16,16,16,Black
17,17,17,Black
18,18,18,Black
19,19,19,Black
20,20,20,Black
21,21,21,Black
22,22,22,Black
23,23,23,Black
24,24,24,Black
25,25,25,Black
26,26,26,Black
27,27,27,Black
28,28,28,Black
29,29,29,Black
30,30,30,Black
